Workbook

Sheet 縦7日
A1: ='1'!A1 -> GOD | M1: =A1 -> GOD
A2: 仮番号 | B2: 日付 | C2: 曜日 | D2: 台番号 | E2: 評価4以上の周期 | F2: 有効実績評価 | G2: 7日間有効実績評価平均 | H2: G数 | I2: 最大放出 | J2: 差枚 | K2: 7日間差枚 | M2: 評価4以上の周期 | N2: 実評価 | O2: AI予想 | P2: python順位 | Q2: 合算pt
A3: {=LET(n,20,TOCOL(MAKEARRAY(n,10,LAMBDA(r,c,r)),1))} -> 1 | B3: {=LET(d,SEQUENCE(8,1,TODAY()-7,1),TOCOL(MAKEARRAY(24,10,LAMBDA(r,c,IF(c<=8,INDEX(d,c),""))),1))} -> 46163 | C3: =IF(B3="","",TEXT(B3,"ddd")) -> 木 | D3: =IFERROR(__xludf.DUMMYFUNCTION("IF($B3="""","""",IFERROR(INDEX(FILTER('1'!$E:$E,'1'!$D:$D=$A3,'1'!$A:$A=$B3),1),""""))"),1164.0) -> 1164 | E3: =IFERROR(__xludf.DUMMYFUNCTION("IF($B3="""","""",IFERROR(INDEX(FILTER('1'!$G:$G,'1'!$D:$D=$A3,'1'!$A:$A=$B3),1),""""))"),5.0) -> 5 | F3: =IFERROR(__xludf.DUMMYFUNCTION("IF($B3="""","""",IFERROR(INDEX(FILTER('1'!$H:$H,'1'!$D:$D=$A3,'1'!$A:$A=$B3),1),""""))"),3.0) -> 3 | H3: =IFERROR(__xludf.DUMMYFUNCTION("IF($B3="""","""",IFERROR(INDEX(FILTER('1'!$I:$I,'1'!$D:$D=$A3,'1'!$A:$A=$B3),1),""""))"),8305.0) -> 8305 | I3: =IFERROR(__xludf.DUMMYFUNCTION("IF($B3="""","""",IFERROR(INDEX(FILTER('1'!$J:$J,'1'!$D:$D=$A3,'1'!$A:$A=$B3),1),""""))"),5331.0) -> 5331 | J3: =IFERROR(__xludf.DUMMYFUNCTION("IF($B3="""","""",IFERROR(INDEX(FILTER('1'!$K:$K,'1'!$D:$D=$A3,'1'!$A:$A=$B3),1),""""))"),800.0) -> 800 | M3: =IFERROR(__xludf.DUMMYFUNCTION("IF($B3="""","""",IFERROR(INDEX(FILTER('1'!$G:$G,'1'!$D:$D=$A3,'1'!$A:$A=$B3),1),""""))"),5.0) -> 5 | N3: =F3 -> 3 | O3: =IFERROR(__xludf.DUMMYFUNCTION("IF($B3="""","""",IFERROR(INDEX(FILTER('1'!$L:$L,'1'!$D:$D=$A3,'1'!$A:$A=$B3),1),""""))"),2.5) -> 2.5 | P3: =IFERROR(__xludf.DUMMYFUNCTION("IF($B3="""","""",IFERROR(INDEX(FILTER('1'!$M:$M,'1'!$D:$D=$A3,'1'!$A:$A=$B3),1),""""))"),6.0) -> 6 | Q3: =IFERROR(__xludf.DUMMYFUNCTION("IF($B3="""","""",IFERROR(INDEX(FILTER('1'!$O:$O,'1'!$D:$D=$A3,'1'!$A:$A=$B3),1),""""))"),3.5) -> 3.5
A4: 1 | B4: 46164 | C4: =IF(B4="","",TEXT(B4,"ddd")) -> 金 | D4: =IFERROR(__xludf.DUMMYFUNCTION("IF($B4="""","""",IFERROR(INDEX(FILTER('1'!$E:$E,'1'!$D:$D=$A4,'1'!$A:$A=$B4),1),""""))"),1164.0) -> 1164 | E4: =IFERROR(__xludf.DUMMYFUNCTION("IF($B4="""","""",IFERROR(INDEX(FILTER('1'!$G:$G,'1'!$D:$D=$A4,'1'!$A:$A=$B4),1),""""))"),6.0) -> 6 | F4: =IFERROR(__xludf.DUMMYFUNCTION("IF($B4="""","""",IFERROR(INDEX(FILTER('1'!$H:$H,'1'!$D:$D=$A4,'1'!$A:$A=$B4),1),""""))"),1.0) -> 1 | H4: =IFERROR(__xludf.DUMMYFUNCTION("IF($B4="""","""",IFERROR(INDEX(FILTER('1'!$I:$I,'1'!$D:$D=$A4,'1'!$A:$A=$B4),1),""""))"),5545.0) -> 5545 | I4: =IFERROR(__xludf.DUMMYFUNCTION("IF($B4="""","""",IFERROR(INDEX(FILTER('1'!$J:$J,'1'!$D:$D=$A4,'1'!$A:$A=$B4),1),""""))"),2034.0) -> 2034 | J4: =IFERROR(__xludf.DUMMYFUNCTION("IF($B4="""","""",IFERROR(INDEX(FILTER('1'!$K:$K,'1'!$D:$D=$A4,'1'!$A:$A=$B4),1),""""))"),-600.0) -> -600 | M4: =IFERROR(__xludf.DUMMYFUNCTION("IF($B4="""","""",IFERROR(INDEX(FILTER('1'!$G:$G,'1'!$D:$D=$A4,'1'!$A:$A=$B4),1),""""))"),6.0) -> 6 | N4: =F4 -> 1 | O4: =IFERROR(__xludf.DUMMYFUNCTION("IF($B4="""","""",IFERROR(INDEX(FILTER('1'!$L:$L,'1'!$D:$D=$A4,'1'!$A:$A=$B4),1),""""))"),2.0) -> 2 | P4: =IFERROR(__xludf.DUMMYFUNCTION("IF($B4="""","""",IFERROR(INDEX(FILTER('1'!$M:$M,'1'!$D:$D=$A4,'1'!$A:$A=$B4),1),""""))"),8.0) -> 8 | Q4: =IFERROR(__xludf.DUMMYFUNCTION("IF($B4="""","""",IFERROR(INDEX(FILTER('1'!$O:$O,'1'!$D:$D=$A4,'1'!$A:$A=$B4),1),""""))"),2.0) -> 2
A5: 1 | B5: 46165 | C5: =IF(B5="","",TEXT(B5,"ddd")) -> 土 | D5: =IFERROR(__xludf.DUMMYFUNCTION("IF($B5="""","""",IFERROR(INDEX(FILTER('1'!$E:$E,'1'!$D:$D=$A5,'1'!$A:$A=$B5),1),""""))"),1164.0) -> 1164 | E5: =IFERROR(__xludf.DUMMYFUNCTION("IF($B5="""","""",IFERROR(INDEX(FILTER('1'!$G:$G,'1'!$D:$D=$A5,'1'!$A:$A=$B5),1),""""))"),7.0) -> 7 | F5: =IFERROR(__xludf.DUMMYFUNCTION("IF($B5="""","""",IFERROR(INDEX(FILTER('1'!$H:$H,'1'!$D:$D=$A5,'1'!$A:$A=$B5),1),""""))"),4.0) -> 4 | H5: =IFERROR(__xludf.DUMMYFUNCTION("IF($B5="""","""",IFERROR(INDEX(FILTER('1'!$I:$I,'1'!$D:$D=$A5,'1'!$A:$A=$B5),1),""""))"),7505.0) -> 7505 | I5: =IFERROR(__xludf.DUMMYFUNCTION("IF($B5="""","""",IFERROR(INDEX(FILTER('1'!$J:$J,'1'!$D:$D=$A5,'1'!$A:$A=$B5),1),""""))"),5084.0) -> 5084 | J5: =IFERROR(__xludf.DUMMYFUNCTION("IF($B5="""","""",IFERROR(INDEX(FILTER('1'!$K:$K,'1'!$D:$D=$A5,'1'!$A:$A=$B5),1),""""))"),2100.0) -> 2100 | M5: =IFERROR(__xludf.DUMMYFUNCTION("IF($B5="""","""",IFERROR(INDEX(FILTER('1'!$G:$G,'1'!$D:$D=$A5,'1'!$A:$A=$B5),1),""""))"),7.0) -> 7 | N5: =F5 -> 4 | O5: =IFERROR(__xludf.DUMMYFUNCTION("IF($B5="""","""",IFERROR(INDEX(FILTER('1'!$L:$L,'1'!$D:$D=$A5,'1'!$A:$A=$B5),1),""""))"),2.0) -> 2 | P5: =IFERROR(__xludf.DUMMYFUNCTION("IF($B5="""","""",IFERROR(INDEX(FILTER('1'!$M:$M,'1'!$D:$D=$A5,'1'!$A:$A=$B5),1),""""))"),8.0) -> 8 | Q5: =IFERROR(__xludf.DUMMYFUNCTION("IF($B5="""","""",IFERROR(INDEX(FILTER('1'!$O:$O,'1'!$D:$D=$A5,'1'!$A:$A=$B5),1),""""))"),2.0) -> 2
A6: 1 | B6: 46166 | C6: =IF(B6="","",TEXT(B6,"ddd")) -> 日 | D6: =IFERROR(__xludf.DUMMYFUNCTION("IF($B6="""","""",IFERROR(INDEX(FILTER('1'!$E:$E,'1'!$D:$D=$A6,'1'!$A:$A=$B6),1),""""))"),1164.0) -> 1164 | E6: =IFERROR(__xludf.DUMMYFUNCTION("IF($B6="""","""",IFERROR(INDEX(FILTER('1'!$G:$G,'1'!$D:$D=$A6,'1'!$A:$A=$B6),1),""""))"),1.0) -> 1 | F6: =IFERROR(__xludf.DUMMYFUNCTION("IF($B6="""","""",IFERROR(INDEX(FILTER('1'!$H:$H,'1'!$D:$D=$A6,'1'!$A:$A=$B6),1),""""))"),-1.0) -> -1 | H6: =IFERROR(__xludf.DUMMYFUNCTION("IF($B6="""","""",IFERROR(INDEX(FILTER('1'!$I:$I,'1'!$D:$D=$A6,'1'!$A:$A=$B6),1),""""))"),7537.0) -> 7537 | I6: =IFERROR(__xludf.DUMMYFUNCTION("IF($B6="""","""",IFERROR(INDEX(FILTER('1'!$J:$J,'1'!$D:$D=$A6,'1'!$A:$A=$B6),1),""""))"),1921.0) -> 1921 | J6: =IFERROR(__xludf.DUMMYFUNCTION("IF($B6="""","""",IFERROR(INDEX(FILTER('1'!$K:$K,'1'!$D:$D=$A6,'1'!$A:$A=$B6),1),""""))"),-2500.0) -> -2500 | M6: =IFERROR(__xludf.DUMMYFUNCTION("IF($B6="""","""",IFERROR(INDEX(FILTER('1'!$G:$G,'1'!$D:$D=$A6,'1'!$A:$A=$B6),1),""""))"),1.0) -> 1 | N6: =F6 -> -1 | O6: =IFERROR(__xludf.DUMMYFUNCTION("IF($B6="""","""",IFERROR(INDEX(FILTER('1'!$L:$L,'1'!$D:$D=$A6,'1'!$A:$A=$B6),1),""""))"),3.0) -> 3 | P6: =IFERROR(__xludf.DUMMYFUNCTION("IF($B6="""","""",IFERROR(INDEX(FILTER('1'!$M:$M,'1'!$D:$D=$A6,'1'!$A:$A=$B6),1),""""))"),5.0) -> 5 | Q6: =IFERROR(__xludf.DUMMYFUNCTION("IF($B6="""","""",IFERROR(INDEX(FILTER('1'!$O:$O,'1'!$D:$D=$A6,'1'!$A:$A=$B6),1),""""))"),5.0) -> 5
A7: 1 | B7: 46167 | C7: =IF(B7="","",TEXT(B7,"ddd")) -> 月 | D7: =IFERROR(__xludf.DUMMYFUNCTION("IF($B7="""","""",IFERROR(INDEX(FILTER('1'!$E:$E,'1'!$D:$D=$A7,'1'!$A:$A=$B7),1),""""))"),1164.0) -> 1164 | E7: =IFERROR(__xludf.DUMMYFUNCTION("IF($B7="""","""",IFERROR(INDEX(FILTER('1'!$G:$G,'1'!$D:$D=$A7,'1'!$A:$A=$B7),1),""""))"),2.0) -> 2 | F7: =IFERROR(__xludf.DUMMYFUNCTION("IF($B7="""","""",IFERROR(INDEX(FILTER('1'!$H:$H,'1'!$D:$D=$A7,'1'!$A:$A=$B7),1),""""))"),-3.0) -> -3 | H7: =IFERROR(__xludf.DUMMYFUNCTION("IF($B7="""","""",IFERROR(INDEX(FILTER('1'!$I:$I,'1'!$D:$D=$A7,'1'!$A:$A=$B7),1),""""))"),7902.0) -> 7902 | I7: =IFERROR(__xludf.DUMMYFUNCTION("IF($B7="""","""",IFERROR(INDEX(FILTER('1'!$J:$J,'1'!$D:$D=$A7,'1'!$A:$A=$B7),1),""""))"),730.0) -> 730 | J7: =IFERROR(__xludf.DUMMYFUNCTION("IF($B7="""","""",IFERROR(INDEX(FILTER('1'!$K:$K,'1'!$D:$D=$A7,'1'!$A:$A=$B7),1),""""))"),-6000.0) -> -6000 | M7: =IFERROR(__xludf.DUMMYFUNCTION("IF($B7="""","""",IFERROR(INDEX(FILTER('1'!$G:$G,'1'!$D:$D=$A7,'1'!$A:$A=$B7),1),""""))"),2.0) -> 2 | N7: =F7 -> -3 | O7: =IFERROR(__xludf.DUMMYFUNCTION("IF($B7="""","""",IFERROR(INDEX(FILTER('1'!$L:$L,'1'!$D:$D=$A7,'1'!$A:$A=$B7),1),""""))"),1.5) -> 1.5 | P7: =IFERROR(__xludf.DUMMYFUNCTION("IF($B7="""","""",IFERROR(INDEX(FILTER('1'!$M:$M,'1'!$D:$D=$A7,'1'!$A:$A=$B7),1),""""))"),9.0) -> 9 | Q7: =IFERROR(__xludf.DUMMYFUNCTION("IF($B7="""","""",IFERROR(INDEX(FILTER('1'!$O:$O,'1'!$D:$D=$A7,'1'!$A:$A=$B7),1),""""))"),1.5) -> 1.5
A8: 1 | B8: 46168 | C8: =IF(B8="","",TEXT(B8,"ddd")) -> 火 | D8: =IFERROR(__xludf.DUMMYFUNCTION("IF($B8="""","""",IFERROR(INDEX(FILTER('1'!$E:$E,'1'!$D:$D=$A8,'1'!$A:$A=$B8),1),""""))"),1164.0) -> 1164 | E8: =IFERROR(__xludf.DUMMYFUNCTION("IF($B8="""","""",IFERROR(INDEX(FILTER('1'!$G:$G,'1'!$D:$D=$A8,'1'!$A:$A=$B8),1),""""))"),3.0) -> 3 | F8: =IFERROR(__xludf.DUMMYFUNCTION("IF($B8="""","""",IFERROR(INDEX(FILTER('1'!$H:$H,'1'!$D:$D=$A8,'1'!$A:$A=$B8),1),""""))"),-3.0) -> -3 | H8: =IFERROR(__xludf.DUMMYFUNCTION("IF($B8="""","""",IFERROR(INDEX(FILTER('1'!$I:$I,'1'!$D:$D=$A8,'1'!$A:$A=$B8),1),""""))"),6833.0) -> 6833 | I8: =IFERROR(__xludf.DUMMYFUNCTION("IF($B8="""","""",IFERROR(INDEX(FILTER('1'!$J:$J,'1'!$D:$D=$A8,'1'!$A:$A=$B8),1),""""))"),750.0) -> 750 | J8: =IFERROR(__xludf.DUMMYFUNCTION("IF($B8="""","""",IFERROR(INDEX(FILTER('1'!$K:$K,'1'!$D:$D=$A8,'1'!$A:$A=$B8),1),""""))"),-4500.0) -> -4500 | M8: =IFERROR(__xludf.DUMMYFUNCTION("IF($B8="""","""",IFERROR(INDEX(FILTER('1'!$G:$G,'1'!$D:$D=$A8,'1'!$A:$A=$B8),1),""""))"),3.0) -> 3 | N8: =F8 -> -3 | O8: =IFERROR(__xludf.DUMMYFUNCTION("IF($B8="""","""",IFERROR(INDEX(FILTER('1'!$L:$L,'1'!$D:$D=$A8,'1'!$A:$A=$B8),1),""""))"),0.5) -> 0.5 | P8: =IFERROR(__xludf.DUMMYFUNCTION("IF($B8="""","""",IFERROR(INDEX(FILTER('1'!$M:$M,'1'!$D:$D=$A8,'1'!$A:$A=$B8),1),""""))"),8.0) -> 8 | Q8: =IFERROR(__xludf.DUMMYFUNCTION("IF($B8="""","""",IFERROR(INDEX(FILTER('1'!$O:$O,'1'!$D:$D=$A8,'1'!$A:$A=$B8),1),""""))"),0.5) -> 0.5
A9: 1 | B9: 46169 | C9: =IF(B9="","",TEXT(B9,"ddd")) -> 水 | D9: =IFERROR(__xludf.DUMMYFUNCTION("IF($B9="""","""",IFERROR(INDEX(FILTER('1'!$E:$E,'1'!$D:$D=$A9,'1'!$A:$A=$B9),1),""""))"),1164.0) -> 1164 | E9: =IFERROR(__xludf.DUMMYFUNCTION("IF($B9="""","""",IFERROR(INDEX(FILTER('1'!$G:$G,'1'!$D:$D=$A9,'1'!$A:$A=$B9),1),""""))"),4.0) -> 4 | F9: =IFERROR(__xludf.DUMMYFUNCTION("IF($B9="""","""",IFERROR(INDEX(FILTER('1'!$H:$H,'1'!$D:$D=$A9,'1'!$A:$A=$B9),1),""""))"),5.0) -> 5 | G9: =IF(COUNT(F3:F9)=0,"",SUM(F3:F9)/7) -> 0.85714286 | H9: =IFERROR(__xludf.DUMMYFUNCTION("IF($B9="""","""",IFERROR(INDEX(FILTER('1'!$I:$I,'1'!$D:$D=$A9,'1'!$A:$A=$B9),1),""""))"),4235.0) -> 4235 | I9: =IFERROR(__xludf.DUMMYFUNCTION("IF($B9="""","""",IFERROR(INDEX(FILTER('1'!$J:$J,'1'!$D:$D=$A9,'1'!$A:$A=$B9),1),""""))"),7590.0) -> 7590 | J9: =IFERROR(__xludf.DUMMYFUNCTION("IF($B9="""","""",IFERROR(INDEX(FILTER('1'!$K:$K,'1'!$D:$D=$A9,'1'!$A:$A=$B9),1),""""))"),5100.0) -> 5100 | K9: {=SUM(IFERROR(VALUE(J3:J9),0))} -> -5600 | M9: =IFERROR(__xludf.DUMMYFUNCTION("IF($B9="""","""",IFERROR(INDEX(FILTER('1'!$G:$G,'1'!$D:$D=$A9,'1'!$A:$A=$B9),1),""""))"),4.0) -> 4 | N9: =F9 -> 5 | O9: =IFERROR(__xludf.DUMMYFUNCTION("IF($B9="""","""",IFERROR(INDEX(FILTER('1'!$L:$L,'1'!$D:$D=$A9,'1'!$A:$A=$B9),1),""""))"),1.0) -> 1 | P9: =IFERROR(__xludf.DUMMYFUNCTION("IF($B9="""","""",IFERROR(INDEX(FILTER('1'!$M:$M,'1'!$D:$D=$A9,'1'!$A:$A=$B9),1),""""))"),11.0) -> 11 | Q9: =IFERROR(__xludf.DUMMYFUNCTION("IF($B9="""","""",IFERROR(INDEX(FILTER('1'!$O:$O,'1'!$D:$D=$A9,'1'!$A:$A=$B9),1),""""))"),0.0) -> 0
A10: 1 | B10: 46170 | C10: =IF(B10="","",TEXT(B10,"ddd")) -> 木 | D10: =IFERROR(__xludf.DUMMYFUNCTION("IF($B10="""","""",IFERROR(INDEX(FILTER('1'!$E:$E,'1'!$D:$D=$A10,'1'!$A:$A=$B10),1),""""))"),1164.0) -> 1164 | E10: =IFERROR(__xludf.DUMMYFUNCTION("IF($B10="""","""",IFERROR(INDEX(FILTER('1'!$G:$G,'1'!$D:$D=$A10,'1'!$A:$A=$B10),1),""""))"),1.0) -> 1 | H10: =IFERROR(__xludf.DUMMYFUNCTION("IF($B10="""","""",IFERROR(INDEX(FILTER('2'!$G:$G,'2'!$D:$D=$A10,'2'!$A:$A=$B10),1),""""))"),"") | I10: =IFERROR(__xludf.DUMMYFUNCTION("IF($B10="""","""",IFERROR(INDEX(FILTER('2'!$H:$H,'2'!$D:$D=$A10,'2'!$A:$A=$B10),1),""""))"),"") | J10: =IFERROR(__xludf.DUMMYFUNCTION("IF($B10="""","""",IFERROR(INDEX(FILTER('2'!$I:$I,'2'!$D:$D=$A10,'2'!$A:$A=$B10),1),""""))"),"") | M10: =IFERROR(__xludf.DUMMYFUNCTION("IF($B10="""","""",IFERROR(INDEX(FILTER('1'!$G:$G,'1'!$D:$D=$A10,'1'!$A:$A=$B10),1),""""))"),1.0) -> 1 | N10: =F10 | O10: =IFERROR(__xludf.DUMMYFUNCTION("IF($B10="""","""",IFERROR(INDEX(FILTER('1'!$L:$L,'1'!$D:$D=$A10,'1'!$A:$A=$B10),1),""""))"),"") | P10: =IFERROR(__xludf.DUMMYFUNCTION("IF($B10="""","""",IFERROR(INDEX(FILTER('1'!$M:$M,'1'!$D:$D=$A10,'1'!$A:$A=$B10),1),""""))"),"") | Q10: =IFERROR(__xludf.DUMMYFUNCTION("IF($B10="""","""",IFERROR(INDEX(FILTER('1'!$O:$O,'1'!$D:$D=$A10,'1'!$A:$A=$B10),1),""""))"),0.0) -> 0 | R10: =D10 -> 1164
A11: 1 | N11: =F11
A12: 1 | C12: =IF(B12="","",TEXT(B12,"ddd")) | N12: =F12
A13: 2 | B13: 46163 | C13: =IF(B13="","",TEXT(B13,"ddd")) -> 木 | D13: =IFERROR(__xludf.DUMMYFUNCTION("IF($B13="""","""",IFERROR(INDEX(FILTER('1'!$U:$U,'1'!$T:$T=$A13,'1'!$A:$A=$B13),1),""""))"),1165.0) -> 1165 | E13: =IFERROR(__xludf.DUMMYFUNCTION("IF($B13="""","""",IFERROR(INDEX(FILTER('1'!$W:$W,'1'!$T:$T=$A13,'1'!$A:$A=$B13),1),""""))"),3.0) -> 3 | F13: =IFERROR(__xludf.DUMMYFUNCTION("IF($B13="""","""",IFERROR(INDEX(FILTER('1'!$X:$X,'1'!$T:$T=$A13,'1'!$A:$A=$B13),1),""""))"),4.0) -> 4 | H13: =IFERROR(__xludf.DUMMYFUNCTION("IF($B13="""","""",IFERROR(INDEX(FILTER('1'!$Y:$Y,'1'!$T:$T=$A13,'1'!$A:$A=$B13),1),""""))"),4304.0) -> 4304 | I13: =IFERROR(__xludf.DUMMYFUNCTION("IF($B13="""","""",IFERROR(INDEX(FILTER('1'!$Z:$Z,'1'!$T:$T=$A13,'1'!$A:$A=$B13),1),""""))"),6065.0) -> 6065 | J13: =IFERROR(__xludf.DUMMYFUNCTION("IF($B13="""","""",IFERROR(INDEX(FILTER('1'!$AA:$AA,'1'!$T:$T=$A13,'1'!$A:$A=$B13),1),""""))"),3000.0) -> 3000 | M13: =IFERROR(__xludf.DUMMYFUNCTION("IF($B13="""","""",IFERROR(INDEX(FILTER('1'!$W:$W,'1'!$T:$T=$A13,'1'!$A:$A=$B13),1),""""))"),3.0) -> 3 | N13: =F13 -> 4 | O13: =IFERROR(__xludf.DUMMYFUNCTION("IF($B13="""","""",IFERROR(INDEX(FILTER('1'!$AB:$AB,'1'!$T:$T=$A13,'1'!$A:$A=$B13),1),""""))"),4.0) -> 4 | P13: =IFERROR(__xludf.DUMMYFUNCTION("IF($B13="""","""",IFERROR(INDEX(FILTER('1'!$AC:$AC,'1'!$T:$T=$A13,'1'!$A:$A=$B13),1),""""))"),12.0) -> 12 | Q13: =IFERROR(__xludf.DUMMYFUNCTION("IF($B13="""","""",IFERROR(INDEX(FILTER('1'!$AE:$AE,'1'!$T:$T=$A13,'1'!$A:$A=$B13),1),""""))"),2.0) -> 2
A14: 2 | B14: 46164 | C14: =IF(B14="","",TEXT(B14,"ddd")) -> 金 | D14: =IFERROR(__xludf.DUMMYFUNCTION("IF($B14="""","""",IFERROR(INDEX(FILTER('1'!$U:$U,'1'!$T:$T=$A14,'1'!$A:$A=$B14),1),""""))"),1165.0) -> 1165 | E14: =IFERROR(__xludf.DUMMYFUNCTION("IF($B14="""","""",IFERROR(INDEX(FILTER('1'!$W:$W,'1'!$T:$T=$A14,'1'!$A:$A=$B14),1),""""))"),1.0) -> 1 | F14: =IFERROR(__xludf.DUMMYFUNCTION("IF($B14="""","""",IFERROR(INDEX(FILTER('1'!$X:$X,'1'!$T:$T=$A14,'1'!$A:$A=$B14),1),""""))"),1.0) -> 1 | H14: =IFERROR(__xludf.DUMMYFUNCTION("IF($B14="""","""",IFERROR(INDEX(FILTER('1'!$Y:$Y,'1'!$T:$T=$A14,'1'!$A:$A=$B14),1),""""))"),3250.0) -> 3250 | I14: =IFERROR(__xludf.DUMMYFUNCTION("IF($B14="""","""",IFERROR(INDEX(FILTER('1'!$Z:$Z,'1'!$T:$T=$A14,'1'!$A:$A=$B14),1),""""))"),2012.0) -> 2012 | J14: =IFERROR(__xludf.DUMMYFUNCTION("IF($B14="""","""",IFERROR(INDEX(FILTER('1'!$AA:$AA,'1'!$T:$T=$A14,'1'!$A:$A=$B14),1),""""))"),-500.0) -> -500 | M14: =IFERROR(__xludf.DUMMYFUNCTION("IF($B14="""","""",IFERROR(INDEX(FILTER('1'!$W:$W,'1'!$T:$T=$A14,'1'!$A:$A=$B14),1),""""))"),1.0) -> 1 | N14: =F14 -> 1 | O14: =IFERROR(__xludf.DUMMYFUNCTION("IF($B14="""","""",IFERROR(INDEX(FILTER('1'!$AB:$AB,'1'!$T:$T=$A14,'1'!$A:$A=$B14),1),""""))"),4.0) -> 4 | P14: =IFERROR(__xludf.DUMMYFUNCTION("IF($B14="""","""",IFERROR(INDEX(FILTER('1'!$AC:$AC,'1'!$T:$T=$A14,'1'!$A:$A=$B14),1),""""))"),6.0) -> 6 | Q14: =IFERROR(__xludf.DUMMYFUNCTION("IF($B14="""","""",IFERROR(INDEX(FILTER('1'!$AE:$AE,'1'!$T:$T=$A14,'1'!$A:$A=$B14),1),""""))"),5.0) -> 5
A15: 2 | B15: 46165 | C15: =IF(B15="","",TEXT(B15,"ddd")) -> 土 | D15: =IFERROR(__xludf.DUMMYFUNCTION("IF($B15="""","""",IFERROR(INDEX(FILTER('1'!$U:$U,'1'!$T:$T=$A15,'1'!$A:$A=$B15),1),""""))"),1165.0) -> 1165 | E15: =IFERROR(__xludf.DUMMYFUNCTION("IF($B15="""","""",IFERROR(INDEX(FILTER('1'!$W:$W,'1'!$T:$T=$A15,'1'!$A:$A=$B15),1),""""))"),2.0) -> 2 | F15: =IFERROR(__xludf.DUMMYFUNCTION("IF($B15="""","""",IFERROR(INDEX(FILTER('1'!$X:$X,'1'!$T:$T=$A15,'1'!$A:$A=$B15),1),""""))"),-3.0) -> -3 | H15: =IFERROR(__xludf.DUMMYFUNCTION("IF($B15="""","""",IFERROR(INDEX(FILTER('1'!$Y:$Y,'1'!$T:$T=$A15,'1'!$A:$A=$B15),1),""""))"),6915.0) -> 6915 | I15: =IFERROR(__xludf.DUMMYFUNCTION("IF($B15="""","""",IFERROR(INDEX(FILTER('1'!$Z:$Z,'1'!$T:$T=$A15,'1'!$A:$A=$B15),1),""""))"),1064.0) -> 1064 | J15: =IFERROR(__xludf.DUMMYFUNCTION("IF($B15="""","""",IFERROR(INDEX(FILTER('1'!$AA:$AA,'1'!$T:$T=$A15,'1'!$A:$A=$B15),1),""""))"),-4500.0) -> -4500 | M15: =IFERROR(__xludf.DUMMYFUNCTION("IF($B15="""","""",IFERROR(INDEX(FILTER('1'!$W:$W,'1'!$T:$T=$A15,'1'!$A:$A=$B15),1),""""))"),2.0) -> 2 | N15: =F15 -> -3 | O15: =IFERROR(__xludf.DUMMYFUNCTION("IF($B15="""","""",IFERROR(INDEX(FILTER('1'!$AB:$AB,'1'!$T:$T=$A15,'1'!$A:$A=$B15),1),""""))"),3.0) -> 3 | P15: =IFERROR(__xludf.DUMMYFUNCTION("IF($B15="""","""",IFERROR(INDEX(FILTER('1'!$AC:$AC,'1'!$T:$T=$A15,'1'!$A:$A=$B15),1),""""))"),11.0) -> 11 | Q15: =IFERROR(__xludf.DUMMYFUNCTION("IF($B15="""","""",IFERROR(INDEX(FILTER('1'!$AE:$AE,'1'!$T:$T=$A15,'1'!$A:$A=$B15),1),""""))"),2.0) -> 2
A16: 2 | B16: 46166 | C16: =IF(B16="","",TEXT(B16,"ddd")) -> 日 | D16: =IFERROR(__xludf.DUMMYFUNCTION("IF($B16="""","""",IFERROR(INDEX(FILTER('1'!$U:$U,'1'!$T:$T=$A16,'1'!$A:$A=$B16),1),""""))"),1165.0) -> 1165 | E16: =IFERROR(__xludf.DUMMYFUNCTION("IF($B16="""","""",IFERROR(INDEX(FILTER('1'!$W:$W,'1'!$T:$T=$A16,'1'!$A:$A=$B16),1),""""))"),3.0) -> 3 | F16: =IFERROR(__xludf.DUMMYFUNCTION("IF($B16="""","""",IFERROR(INDEX(FILTER('1'!$X:$X,'1'!$T:$T=$A16,'1'!$A:$A=$B16),1),""""))"),-3.0) -> -3 | H16: =IFERROR(__xludf.DUMMYFUNCTION("IF($B16="""","""",IFERROR(INDEX(FILTER('1'!$Y:$Y,'1'!$T:$T=$A16,'1'!$A:$A=$B16),1),""""))"),7255.0) -> 7255 | I16: =IFERROR(__xludf.DUMMYFUNCTION("IF($B16="""","""",IFERROR(INDEX(FILTER('1'!$Z:$Z,'1'!$T:$T=$A16,'1'!$A:$A=$B16),1),""""))"),931.0) -> 931 | J16: =IFERROR(__xludf.DUMMYFUNCTION("IF($B16="""","""",IFERROR(INDEX(FILTER('1'!$AA:$AA,'1'!$T:$T=$A16,'1'!$A:$A=$B16),1),""""))"),-5000.0) -> -5000 | M16: =IFERROR(__xludf.DUMMYFUNCTION("IF($B16="""","""",IFERROR(INDEX(FILTER('1'!$W:$W,'1'!$T:$T=$A16,'1'!$A:$A=$B16),1),""""))"),3.0) -> 3 | N16: =F16 -> -3 | O16: =IFERROR(__xludf.DUMMYFUNCTION("IF($B16="""","""",IFERROR(INDEX(FILTER('1'!$AB:$AB,'1'!$T:$T=$A16,'1'!$A:$A=$B16),1),""""))"),2.5) -> 2.5 | P16: =IFERROR(__xludf.DUMMYFUNCTION("IF($B16="""","""",IFERROR(INDEX(FILTER('1'!$AC:$AC,'1'!$T:$T=$A16,'1'!$A:$A=$B16),1),""""))"),12.0) -> 12 | Q16: =IFERROR(__xludf.DUMMYFUNCTION("IF($B16="""","""",IFERROR(INDEX(FILTER('1'!$AE:$AE,'1'!$T:$T=$A16,'1'!$A:$A=$B16),1),""""))"),0.5) -> 0.5
A17: 2 | B17: 46167 | C17: =IF(B17="","",TEXT(B17,"ddd")) -> 月 | D17: =IFERROR(__xludf.DUMMYFUNCTION("IF($B17="""","""",IFERROR(INDEX(FILTER('1'!$U:$U,'1'!$T:$T=$A17,'1'!$A:$A=$B17),1),""""))"),1165.0) -> 1165 | E17: =IFERROR(__xludf.DUMMYFUNCTION("IF($B17="""","""",IFERROR(INDEX(FILTER('1'!$W:$W,'1'!$T:$T=$A17,'1'!$A:$A=$B17),1),""""))"),4.0) -> 4 | F17: =IFERROR(__xludf.DUMMYFUNCTION("IF($B17="""","""",IFERROR(INDEX(FILTER('1'!$X:$X,'1'!$T:$T=$A17,'1'!$A:$A=$B17),1),""""))"),-2.0) -> -2 | H17: =IFERROR(__xludf.DUMMYFUNCTION("IF($B17="""","""",IFERROR(INDEX(FILTER('1'!$Y:$Y,'1'!$T:$T=$A17,'1'!$A:$A=$B17),1),""""))"),5432.0) -> 5432 | I17: =IFERROR(__xludf.DUMMYFUNCTION("IF($B17="""","""",IFERROR(INDEX(FILTER('1'!$Z:$Z,'1'!$T:$T=$A17,'1'!$A:$A=$B17),1),""""))"),1167.0) -> 1167 | J17: =IFERROR(__xludf.DUMMYFUNCTION("IF($B17="""","""",IFERROR(INDEX(FILTER('1'!$AA:$AA,'1'!$T:$T=$A17,'1'!$A:$A=$B17),1),""""))"),-4000.0) -> -4000 | M17: =IFERROR(__xludf.DUMMYFUNCTION("IF($B17="""","""",IFERROR(INDEX(FILTER('1'!$W:$W,'1'!$T:$T=$A17,'1'!$A:$A=$B17),1),""""))"),4.0) -> 4 | N17: =F17 -> -2 | O17: =IFERROR(__xludf.DUMMYFUNCTION("IF($B17="""","""",IFERROR(INDEX(FILTER('1'!$AB:$AB,'1'!$T:$T=$A17,'1'!$A:$A=$B17),1),""""))"),1.0) -> 1 | P17: =IFERROR(__xludf.DUMMYFUNCTION("IF($B17="""","""",IFERROR(INDEX(FILTER('1'!$AC:$AC,'1'!$T:$T=$A17,'1'!$A:$A=$B17),1),""""))"),11.0) -> 11 | Q17: =IFERROR(__xludf.DUMMYFUNCTION("IF($B17="""","""",IFERROR(INDEX(FILTER('1'!$AE:$AE,'1'!$T:$T=$A17,'1'!$A:$A=$B17),1),""""))"),0.0) -> 0
A18: 2 | B18: 46168 | C18: =IF(B18="","",TEXT(B18,"ddd")) -> 火 | D18: =IFERROR(__xludf.DUMMYFUNCTION("IF($B18="""","""",IFERROR(INDEX(FILTER('1'!$U:$U,'1'!$T:$T=$A18,'1'!$A:$A=$B18),1),""""))"),1165.0) -> 1165 | E18: =IFERROR(__xludf.DUMMYFUNCTION("IF($B18="""","""",IFERROR(INDEX(FILTER('1'!$W:$W,'1'!$T:$T=$A18,'1'!$A:$A=$B18),1),""""))"),5.0) -> 5 | F18: =IFERROR(__xludf.DUMMYFUNCTION("IF($B18="""","""",IFERROR(INDEX(FILTER('1'!$X:$X,'1'!$T:$T=$A18,'1'!$A:$A=$B18),1),""""))"),1.0) -> 1 | H18: =IFERROR(__xludf.DUMMYFUNCTION("IF($B18="""","""",IFERROR(INDEX(FILTER('1'!$Y:$Y,'1'!$T:$T=$A18,'1'!$A:$A=$B18),1),""""))"),4177.0) -> 4177 | I18: =IFERROR(__xludf.DUMMYFUNCTION("IF($B18="""","""",IFERROR(INDEX(FILTER('1'!$Z:$Z,'1'!$T:$T=$A18,'1'!$A:$A=$B18),1),""""))"),1449.0) -> 1449 | J18: =IFERROR(__xludf.DUMMYFUNCTION("IF($B18="""","""",IFERROR(INDEX(FILTER('1'!$AA:$AA,'1'!$T:$T=$A18,'1'!$A:$A=$B18),1),""""))"),-2000.0) -> -2000 | M18: =IFERROR(__xludf.DUMMYFUNCTION("IF($B18="""","""",IFERROR(INDEX(FILTER('1'!$W:$W,'1'!$T:$T=$A18,'1'!$A:$A=$B18),1),""""))"),5.0) -> 5 | N18: =F18 -> 1 | O18: =IFERROR(__xludf.DUMMYFUNCTION("IF($B18="""","""",IFERROR(INDEX(FILTER('1'!$AB:$AB,'1'!$T:$T=$A18,'1'!$A:$A=$B18),1),""""))"),-0.5) -> -0.5 | P18: =IFERROR(__xludf.DUMMYFUNCTION("IF($B18="""","""",IFERROR(INDEX(FILTER('1'!$AC:$AC,'1'!$T:$T=$A18,'1'!$A:$A=$B18),1),""""))"),10.0) -> 10 | Q18: =IFERROR(__xludf.DUMMYFUNCTION("IF($B18="""","""",IFERROR(INDEX(FILTER('1'!$AE:$AE,'1'!$T:$T=$A18,'1'!$A:$A=$B18),1),""""))"),-1.5) -> -1.5
A19: 2 | B19: 46169 | C19: =IF(B19="","",TEXT(B19,"ddd")) -> 水 | D19: =IFERROR(__xludf.DUMMYFUNCTION("IF($B19="""","""",IFERROR(INDEX(FILTER('1'!$U:$U,'1'!$T:$T=$A19,'1'!$A:$A=$B19),1),""""))"),1165.0) -> 1165 | E19: =IFERROR(__xludf.DUMMYFUNCTION("IF($B19="""","""",IFERROR(INDEX(FILTER('1'!$W:$W,'1'!$T:$T=$A19,'1'!$A:$A=$B19),1),""""))"),6.0) -> 6 | F19: =IFERROR(__xludf.DUMMYFUNCTION("IF($B19="""","""",IFERROR(INDEX(FILTER('1'!$X:$X,'1'!$T:$T=$A19,'1'!$A:$A=$B19),1),""""))"),4.0) -> 4 | G19: =IF(COUNT(F13:F19)=0,"",SUM(F13:F19)/7) -> 0.28571429 | H19: =IFERROR(__xludf.DUMMYFUNCTION("IF($B19="""","""",IFERROR(INDEX(FILTER('1'!$Y:$Y,'1'!$T:$T=$A19,'1'!$A:$A=$B19),1),""""))"),5989.0) -> 5989 | I19: =IFERROR(__xludf.DUMMYFUNCTION("IF($B19="""","""",IFERROR(INDEX(FILTER('1'!$Z:$Z,'1'!$T:$T=$A19,'1'!$A:$A=$B19),1),""""))"),6705.0) -> 6705 | J19: =IFERROR(__xludf.DUMMYFUNCTION("IF($B19="""","""",IFERROR(INDEX(FILTER('1'!$AA:$AA,'1'!$T:$T=$A19,'1'!$A:$A=$B19),1),""""))"),5500.0) -> 5500 | K19: {=SUM(IFERROR(VALUE(J13:J19),0))} -> -7500 | M19: =IFERROR(__xludf.DUMMYFUNCTION("IF($B19="""","""",IFERROR(INDEX(FILTER('1'!$W:$W,'1'!$T:$T=$A19,'1'!$A:$A=$B19),1),""""))"),6.0) -> 6 | N19: =F19 -> 4 | O19: =IFERROR(__xludf.DUMMYFUNCTION("IF($B19="""","""",IFERROR(INDEX(FILTER('1'!$AB:$AB,'1'!$T:$T=$A19,'1'!$A:$A=$B19),1),""""))"),0.5) -> 0.5 | P19: =IFERROR(__xludf.DUMMYFUNCTION("IF($B19="""","""",IFERROR(INDEX(FILTER('1'!$AC:$AC,'1'!$T:$T=$A19,'1'!$A:$A=$B19),1),""""))"),12.0) -> 12 | Q19: =IFERROR(__xludf.DUMMYFUNCTION("IF($B19="""","""",IFERROR(INDEX(FILTER('1'!$AE:$AE,'1'!$T:$T=$A19,'1'!$A:$A=$B19),1),""""))"),-1.5) -> -1.5
A20: 2 | B20: 46170 | C20: =IF(B20="","",TEXT(B20,"ddd")) -> 木 | D20: =IFERROR(__xludf.DUMMYFUNCTION("IF($B20="""","""",IFERROR(INDEX(FILTER('1'!$U:$U,'1'!$T:$T=$A20,'1'!$A:$A=$B20),1),""""))"),1165.0) -> 1165 | E20: =IFERROR(__xludf.DUMMYFUNCTION("IF($B20="""","""",IFERROR(INDEX(FILTER('1'!$W:$W,'1'!$T:$T=$A20,'1'!$A:$A=$B20),1),""""))"),1.0) -> 1 | H20: =IFERROR(__xludf.DUMMYFUNCTION("IF($B20="""","""",IFERROR(INDEX(FILTER('2'!$V:$V,'2'!$S:$S=$A20,'2'!$A:$A=$B20),1),""""))"),"") | I20: =IFERROR(__xludf.DUMMYFUNCTION("IF($B20="""","""",IFERROR(INDEX(FILTER('2'!$W:$W,'2'!$S:$S=$A20,'2'!$A:$A=$B20),1),""""))"),"") | M20: =IFERROR(__xludf.DUMMYFUNCTION("IF($B20="""","""",IFERROR(INDEX(FILTER('1'!$W:$W,'1'!$T:$T=$A20,'1'!$A:$A=$B20),1),""""))"),1.0) -> 1 | N20: =F20 | O20: =IFERROR(__xludf.DUMMYFUNCTION("IF($B20="""","""",IFERROR(INDEX(FILTER('1'!$AB:$AB,'1'!$T:$T=$A20,'1'!$A:$A=$B20),1),""""))"),"") | P20: =IFERROR(__xludf.DUMMYFUNCTION("IF($B20="""","""",IFERROR(INDEX(FILTER('1'!$AC:$AC,'1'!$T:$T=$A20,'1'!$A:$A=$B20),1),""""))"),"") | Q20: =IFERROR(__xludf.DUMMYFUNCTION("IF($B20="""","""",IFERROR(INDEX(FILTER('1'!$AE:$AE,'1'!$T:$T=$A20,'1'!$A:$A=$B20),1),""""))"),0.0) -> 0 | R20: =D20 -> 1165
A21: 2 | H21: =IFERROR(__xludf.DUMMYFUNCTION("IF($B21="""","""",IFERROR(INDEX(FILTER('1'!$X:$X,'1'!$T:$T=$A21,'1'!$A:$A=$B21),1),""""))"),"") | N21: =F21
A22: 2 | C22: =IF(B22="","",TEXT(B22,"ddd")) | N22: =F22
A23: 3 | B23: 46163 | C23: =IF(B23="","",TEXT(B23,"ddd")) -> 木 | D23: =IFERROR(__xludf.DUMMYFUNCTION("IF($B23="""","""",IFERROR(INDEX(FILTER('1'!$AK:$AK,'1'!$AJ:$AJ=$A23,'1'!$A:$A=$B23),1),""""))"),1166.0) -> 1166 | E23: =IFERROR(__xludf.DUMMYFUNCTION("IF($B23="""","""",IFERROR(INDEX(FILTER('1'!$AM:$AM,'1'!$AJ:$AJ=$A23,'1'!$A:$A=$B23),1),""""))"),2.0) -> 2 | F23: =IFERROR(__xludf.DUMMYFUNCTION("IF($B23="""","""",IFERROR(INDEX(FILTER('1'!$AN:$AN,'1'!$AJ:$AJ=$A23,'1'!$A:$A=$B23),1),""""))"),2.0) -> 2 | H23: =IFERROR(__xludf.DUMMYFUNCTION("IF($B23="""","""",IFERROR(INDEX(FILTER('1'!$AO:$AO,'1'!$AJ:$AJ=$A23,'1'!$A:$A=$B23),1),""""))"),6204.0) -> 6204 | I23: =IFERROR(__xludf.DUMMYFUNCTION("IF($B23="""","""",IFERROR(INDEX(FILTER('1'!$AP:$AP,'1'!$AJ:$AJ=$A23,'1'!$A:$A=$B23),1),""""))"),2772.0) -> 2772 | J23: =IFERROR(__xludf.DUMMYFUNCTION("IF($B23="""","""",IFERROR(INDEX(FILTER('1'!$AQ:$AQ,'1'!$AJ:$AJ=$A23,'1'!$A:$A=$B23),1),""""))"),-100.0) -> -100 | M23: =IFERROR(__xludf.DUMMYFUNCTION("IF($B23="""","""",IFERROR(INDEX(FILTER('1'!$AM:$AM,'1'!$AJ:$AJ=$A23,'1'!$A:$A=$B23),1),""""))"),2.0) -> 2 | N23: =F23 -> 2 | O23: =IFERROR(__xludf.DUMMYFUNCTION("IF($B23="""","""",IFERROR(INDEX(FILTER('1'!$AR:$AR,'1'!$AJ:$AJ=$A23,'1'!$A:$A=$B23),1),""""))"),1.0) -> 1 | P23: =IFERROR(__xludf.DUMMYFUNCTION("IF($B23="""","""",IFERROR(INDEX(FILTER('1'!$AS:$AS,'1'!$AJ:$AJ=$A23,'1'!$A:$A=$B23),1),""""))"),8.0) -> 8 | Q23: =IFERROR(__xludf.DUMMYFUNCTION("IF($B23="""","""",IFERROR(INDEX(FILTER('1'!$AU:$AU,'1'!$AJ:$AJ=$A23,'1'!$A:$A=$B23),1),""""))"),1.0) -> 1
A24: 3 | B24: 46164 | C24: =IF(B24="","",TEXT(B24,"ddd")) -> 金 | D24: =IFERROR(__xludf.DUMMYFUNCTION("IF($B24="""","""",IFERROR(INDEX(FILTER('1'!$AK:$AK,'1'!$AJ:$AJ=$A24,'1'!$A:$A=$B24),1),""""))"),1166.0) -> 1166 | E24: =IFERROR(__xludf.DUMMYFUNCTION("IF($B24="""","""",IFERROR(INDEX(FILTER('1'!$AM:$AM,'1'!$AJ:$AJ=$A24,'1'!$A:$A=$B24),1),""""))"),3.0) -> 3 | F24: =IFERROR(__xludf.DUMMYFUNCTION("IF($B24="""","""",IFERROR(INDEX(FILTER('1'!$AN:$AN,'1'!$AJ:$AJ=$A24,'1'!$A:$A=$B24),1),""""))"),1.0) -> 1 | H24: =IFERROR(__xludf.DUMMYFUNCTION("IF($B24="""","""",IFERROR(INDEX(FILTER('1'!$AO:$AO,'1'!$AJ:$AJ=$A24,'1'!$A:$A=$B24),1),""""))"),2565.0) -> 2565 | I24: =IFERROR(__xludf.DUMMYFUNCTION("IF($B24="""","""",IFERROR(INDEX(FILTER('1'!$AP:$AP,'1'!$AJ:$AJ=$A24,'1'!$A:$A=$B24),1),""""))"),1056.0) -> 1056 | J24: =IFERROR(__xludf.DUMMYFUNCTION("IF($B24="""","""",IFERROR(INDEX(FILTER('1'!$AQ:$AQ,'1'!$AJ:$AJ=$A24,'1'!$A:$A=$B24),1),""""))"),-1100.0) -> -1100 | M24: =IFERROR(__xludf.DUMMYFUNCTION("IF($B24="""","""",IFERROR(INDEX(FILTER('1'!$AM:$AM,'1'!$AJ:$AJ=$A24,'1'!$A:$A=$B24),1),""""))"),3.0) -> 3 | N24: =F24 -> 1 | O24: =IFERROR(__xludf.DUMMYFUNCTION("IF($B24="""","""",IFERROR(INDEX(FILTER('1'!$AR:$AR,'1'!$AJ:$AJ=$A24,'1'!$A:$A=$B24),1),""""))"),1.5) -> 1.5 | P24: =IFERROR(__xludf.DUMMYFUNCTION("IF($B24="""","""",IFERROR(INDEX(FILTER('1'!$AS:$AS,'1'!$AJ:$AJ=$A24,'1'!$A:$A=$B24),1),""""))"),9.0) -> 9 | Q24: =IFERROR(__xludf.DUMMYFUNCTION("IF($B24="""","""",IFERROR(INDEX(FILTER('1'!$AU:$AU,'1'!$AJ:$AJ=$A24,'1'!$A:$A=$B24),1),""""))"),1.5) -> 1.5
A25: 3 | B25: 46165 | C25: =IF(B25="","",TEXT(B25,"ddd")) -> 土 | D25: =IFERROR(__xludf.DUMMYFUNCTION("IF($B25="""","""",IFERROR(INDEX(FILTER('1'!$AK:$AK,'1'!$AJ:$AJ=$A25,'1'!$A:$A=$B25),1),""""))"),1166.0) -> 1166 | E25: =IFERROR(__xludf.DUMMYFUNCTION("IF($B25="""","""",IFERROR(INDEX(FILTER('1'!$AM:$AM,'1'!$AJ:$AJ=$A25,'1'!$A:$A=$B25),1),""""))"),4.0) -> 4 | F25: =IFERROR(__xludf.DUMMYFUNCTION("IF($B25="""","""",IFERROR(INDEX(FILTER('1'!$AN:$AN,'1'!$AJ:$AJ=$A25,'1'!$A:$A=$B25),1),""""))"),-2.0) -> -2 | H25: =IFERROR(__xludf.DUMMYFUNCTION("IF($B25="""","""",IFERROR(INDEX(FILTER('1'!$AO:$AO,'1'!$AJ:$AJ=$A25,'1'!$A:$A=$B25),1),""""))"),8204.0) -> 8204 | I25: =IFERROR(__xludf.DUMMYFUNCTION("IF($B25="""","""",IFERROR(INDEX(FILTER('1'!$AP:$AP,'1'!$AJ:$AJ=$A25,'1'!$A:$A=$B25),1),""""))"),1314.0) -> 1314 | J25: =IFERROR(__xludf.DUMMYFUNCTION("IF($B25="""","""",IFERROR(INDEX(FILTER('1'!$AQ:$AQ,'1'!$AJ:$AJ=$A25,'1'!$A:$A=$B25),1),""""))"),-6000.0) -> -6000 | M25: =IFERROR(__xludf.DUMMYFUNCTION("IF($B25="""","""",IFERROR(INDEX(FILTER('1'!$AM:$AM,'1'!$AJ:$AJ=$A25,'1'!$A:$A=$B25),1),""""))"),4.0) -> 4 | N25: =F25 -> -2 | O25: =IFERROR(__xludf.DUMMYFUNCTION("IF($B25="""","""",IFERROR(INDEX(FILTER('1'!$AR:$AR,'1'!$AJ:$AJ=$A25,'1'!$A:$A=$B25),1),""""))"),0.5) -> 0.5 | P25: =IFERROR(__xludf.DUMMYFUNCTION("IF($B25="""","""",IFERROR(INDEX(FILTER('1'!$AS:$AS,'1'!$AJ:$AJ=$A25,'1'!$A:$A=$B25),1),""""))"),9.0) -> 9 | Q25: =IFERROR(__xludf.DUMMYFUNCTION("IF($B25="""","""",IFERROR(INDEX(FILTER('1'!$AU:$AU,'1'!$AJ:$AJ=$A25,'1'!$A:$A=$B25),1),""""))"),0.5) -> 0.5
A26: 3 | B26: 46166 | C26: =IF(B26="","",TEXT(B26,"ddd")) -> 日 | D26: =IFERROR(__xludf.DUMMYFUNCTION("IF($B26="""","""",IFERROR(INDEX(FILTER('1'!$AK:$AK,'1'!$AJ:$AJ=$A26,'1'!$A:$A=$B26),1),""""))"),1166.0) -> 1166 | E26: =IFERROR(__xludf.DUMMYFUNCTION("IF($B26="""","""",IFERROR(INDEX(FILTER('1'!$AM:$AM,'1'!$AJ:$AJ=$A26,'1'!$A:$A=$B26),1),""""))"),5.0) -> 5 | F26: =IFERROR(__xludf.DUMMYFUNCTION("IF($B26="""","""",IFERROR(INDEX(FILTER('1'!$AN:$AN,'1'!$AJ:$AJ=$A26,'1'!$A:$A=$B26),1),""""))"),1.0) -> 1 | H26: =IFERROR(__xludf.DUMMYFUNCTION("IF($B26="""","""",IFERROR(INDEX(FILTER('1'!$AO:$AO,'1'!$AJ:$AJ=$A26,'1'!$A:$A=$B26),1),""""))"),6531.0) -> 6531 | I26: =IFERROR(__xludf.DUMMYFUNCTION("IF($B26="""","""",IFERROR(INDEX(FILTER('1'!$AP:$AP,'1'!$AJ:$AJ=$A26,'1'!$A:$A=$B26),1),""""))"),2599.0) -> 2599 | J26: =IFERROR(__xludf.DUMMYFUNCTION("IF($B26="""","""",IFERROR(INDEX(FILTER('1'!$AQ:$AQ,'1'!$AJ:$AJ=$A26,'1'!$A:$A=$B26),1),""""))"),-2000.0) -> -2000 | M26: =IFERROR(__xludf.DUMMYFUNCTION("IF($B26="""","""",IFERROR(INDEX(FILTER('1'!$AM:$AM,'1'!$AJ:$AJ=$A26,'1'!$A:$A=$B26),1),""""))"),5.0) -> 5 | N26: =F26 -> 1 | O26: =IFERROR(__xludf.DUMMYFUNCTION("IF($B26="""","""",IFERROR(INDEX(FILTER('1'!$AR:$AR,'1'!$AJ:$AJ=$A26,'1'!$A:$A=$B26),1),""""))"),-0.5) -> -0.5 | P26: =IFERROR(__xludf.DUMMYFUNCTION("IF($B26="""","""",IFERROR(INDEX(FILTER('1'!$AS:$AS,'1'!$AJ:$AJ=$A26,'1'!$A:$A=$B26),1),""""))"),13.0) -> 13 | Q26: =IFERROR(__xludf.DUMMYFUNCTION("IF($B26="""","""",IFERROR(INDEX(FILTER('1'!$AU:$AU,'1'!$AJ:$AJ=$A26,'1'!$A:$A=$B26),1),""""))"),-2.5) -> -2.5
A27: 3 | B27: 46167 | C27: =IF(B27="","",TEXT(B27,"ddd")) -> 月 | D27: =IFERROR(__xludf.DUMMYFUNCTION("IF($B27="""","""",IFERROR(INDEX(FILTER('1'!$AK:$AK,'1'!$AJ:$AJ=$A27,'1'!$A:$A=$B27),1),""""))"),1166.0) -> 1166 | E27: =IFERROR(__xludf.DUMMYFUNCTION("IF($B27="""","""",IFERROR(INDEX(FILTER('1'!$AM:$AM,'1'!$AJ:$AJ=$A27,'1'!$A:$A=$B27),1),""""))"),6.0) -> 6 | F27: =IFERROR(__xludf.DUMMYFUNCTION("IF($B27="""","""",IFERROR(INDEX(FILTER('1'!$AN:$AN,'1'!$AJ:$AJ=$A27,'1'!$A:$A=$B27),1),""""))"),-3.0) -> -3 | H27: =IFERROR(__xludf.DUMMYFUNCTION("IF($B27="""","""",IFERROR(INDEX(FILTER('1'!$AO:$AO,'1'!$AJ:$AJ=$A27,'1'!$A:$A=$B27),1),""""))"),2957.0) -> 2957 | I27: =IFERROR(__xludf.DUMMYFUNCTION("IF($B27="""","""",IFERROR(INDEX(FILTER('1'!$AP:$AP,'1'!$AJ:$AJ=$A27,'1'!$A:$A=$B27),1),""""))"),393.0) -> 393 | J27: =IFERROR(__xludf.DUMMYFUNCTION("IF($B27="""","""",IFERROR(INDEX(FILTER('1'!$AQ:$AQ,'1'!$AJ:$AJ=$A27,'1'!$A:$A=$B27),1),""""))"),-4000.0) -> -4000 | M27: =IFERROR(__xludf.DUMMYFUNCTION("IF($B27="""","""",IFERROR(INDEX(FILTER('1'!$AM:$AM,'1'!$AJ:$AJ=$A27,'1'!$A:$A=$B27),1),""""))"),6.0) -> 6 | N27: =F27 -> -3 | O27: =IFERROR(__xludf.DUMMYFUNCTION("IF($B27="""","""",IFERROR(INDEX(FILTER('1'!$AR:$AR,'1'!$AJ:$AJ=$A27,'1'!$A:$A=$B27),1),""""))"),1.0) -> 1 | P27: =IFERROR(__xludf.DUMMYFUNCTION("IF($B27="""","""",IFERROR(INDEX(FILTER('1'!$AS:$AS,'1'!$AJ:$AJ=$A27,'1'!$A:$A=$B27),1),""""))"),10.0) -> 10 | Q27: =IFERROR(__xludf.DUMMYFUNCTION("IF($B27="""","""",IFERROR(INDEX(FILTER('1'!$AU:$AU,'1'!$AJ:$AJ=$A27,'1'!$A:$A=$B27),1),""""))"),0.0) -> 0
A28: 3 | B28: 46168 | C28: =IF(B28="","",TEXT(B28,"ddd")) -> 火 | D28: =IFERROR(__xludf.DUMMYFUNCTION("IF($B28="""","""",IFERROR(INDEX(FILTER('1'!$AK:$AK,'1'!$AJ:$AJ=$A28,'1'!$A:$A=$B28),1),""""))"),1166.0) -> 1166 | E28: =IFERROR(__xludf.DUMMYFUNCTION("IF($B28="""","""",IFERROR(INDEX(FILTER('1'!$AM:$AM,'1'!$AJ:$AJ=$A28,'1'!$A:$A=$B28),1),""""))"),7.0) -> 7 | F28: =IFERROR(__xludf.DUMMYFUNCTION("IF($B28="""","""",IFERROR(INDEX(FILTER('1'!$AN:$AN,'1'!$AJ:$AJ=$A28,'1'!$A:$A=$B28),1),""""))"),4.0) -> 4 | H28: =IFERROR(__xludf.DUMMYFUNCTION("IF($B28="""","""",IFERROR(INDEX(FILTER('1'!$AO:$AO,'1'!$AJ:$AJ=$A28,'1'!$A:$A=$B28),1),""""))"),4239.0) -> 4239 | I28: =IFERROR(__xludf.DUMMYFUNCTION("IF($B28="""","""",IFERROR(INDEX(FILTER('1'!$AP:$AP,'1'!$AJ:$AJ=$A28,'1'!$A:$A=$B28),1),""""))"),5480.0) -> 5480 | J28: =IFERROR(__xludf.DUMMYFUNCTION("IF($B28="""","""",IFERROR(INDEX(FILTER('1'!$AQ:$AQ,'1'!$AJ:$AJ=$A28,'1'!$A:$A=$B28),1),""""))"),2200.0) -> 2200 | M28: =IFERROR(__xludf.DUMMYFUNCTION("IF($B28="""","""",IFERROR(INDEX(FILTER('1'!$AM:$AM,'1'!$AJ:$AJ=$A28,'1'!$A:$A=$B28),1),""""))"),7.0) -> 7 | N28: =F28 -> 4 | O28: =IFERROR(__xludf.DUMMYFUNCTION("IF($B28="""","""",IFERROR(INDEX(FILTER('1'!$AR:$AR,'1'!$AJ:$AJ=$A28,'1'!$A:$A=$B28),1),""""))"),0.0) -> 0 | P28: =IFERROR(__xludf.DUMMYFUNCTION("IF($B28="""","""",IFERROR(INDEX(FILTER('1'!$AS:$AS,'1'!$AJ:$AJ=$A28,'1'!$A:$A=$B28),1),""""))"),11.0) -> 11 | Q28: =IFERROR(__xludf.DUMMYFUNCTION("IF($B28="""","""",IFERROR(INDEX(FILTER('1'!$AU:$AU,'1'!$AJ:$AJ=$A28,'1'!$A:$A=$B28),1),""""))"),-1.0) -> -1
A29: 3 | B29: 46169 | C29: =IF(B29="","",TEXT(B29,"ddd")) -> 水 | D29: =IFERROR(__xludf.DUMMYFUNCTION("IF($B29="""","""",IFERROR(INDEX(FILTER('1'!$AK:$AK,'1'!$AJ:$AJ=$A29,'1'!$A:$A=$B29),1),""""))"),1166.0) -> 1166 | E29: =IFERROR(__xludf.DUMMYFUNCTION("IF($B29="""","""",IFERROR(INDEX(FILTER('1'!$AM:$AM,'1'!$AJ:$AJ=$A29,'1'!$A:$A=$B29),1),""""))"),1.0) -> 1 | F29: =IFERROR(__xludf.DUMMYFUNCTION("IF($B29="""","""",IFERROR(INDEX(FILTER('1'!$AN:$AN,'1'!$AJ:$AJ=$A29,'1'!$A:$A=$B29),1),""""))"),1.0) -> 1 | G29: =IF(COUNT(F23:F29)=0,"",SUM(F23:F29)/7) -> 0.57142857 | H29: =IFERROR(__xludf.DUMMYFUNCTION("IF($B29="""","""",IFERROR(INDEX(FILTER('1'!$AO:$AO,'1'!$AJ:$AJ=$A29,'1'!$A:$A=$B29),1),""""))"),4091.0) -> 4091 | I29: =IFERROR(__xludf.DUMMYFUNCTION("IF($B29="""","""",IFERROR(INDEX(FILTER('1'!$AP:$AP,'1'!$AJ:$AJ=$A29,'1'!$A:$A=$B29),1),""""))"),2484.0) -> 2484 | J29: =IFERROR(__xludf.DUMMYFUNCTION("IF($B29="""","""",IFERROR(INDEX(FILTER('1'!$AQ:$AQ,'1'!$AJ:$AJ=$A29,'1'!$A:$A=$B29),1),""""))"),-1600.0) -> -1600 | K29: {=SUM(IFERROR(VALUE(J23:J29),0))} -> -12600 | M29: =IFERROR(__xludf.DUMMYFUNCTION("IF($B29="""","""",IFERROR(INDEX(FILTER('1'!$AM:$AM,'1'!$AJ:$AJ=$A29,'1'!$A:$A=$B29),1),""""))"),1.0) -> 1 | N29: =F29 -> 1 | O29: =IFERROR(__xludf.DUMMYFUNCTION("IF($B29="""","""",IFERROR(INDEX(FILTER('1'!$AR:$AR,'1'!$AJ:$AJ=$A29,'1'!$A:$A=$B29),1),""""))"),2.5) -> 2.5 | P29: =IFERROR(__xludf.DUMMYFUNCTION("IF($B29="""","""",IFERROR(INDEX(FILTER('1'!$AS:$AS,'1'!$AJ:$AJ=$A29,'1'!$A:$A=$B29),1),""""))"),6.0) -> 6 | Q29: =IFERROR(__xludf.DUMMYFUNCTION("IF($B29="""","""",IFERROR(INDEX(FILTER('1'!$AU:$AU,'1'!$AJ:$AJ=$A29,'1'!$A:$A=$B29),1),""""))"),3.5) -> 3.5
A30: 3 | B30: 46170 | C30: =IF(B30="","",TEXT(B30,"ddd")) -> 木 | D30: =IFERROR(__xludf.DUMMYFUNCTION("IF($B30="""","""",IFERROR(INDEX(FILTER('1'!$AK:$AK,'1'!$AJ:$AJ=$A30,'1'!$A:$A=$B30),1),""""))"),1166.0) -> 1166 | E30: =IFERROR(__xludf.DUMMYFUNCTION("IF($B30="""","""",IFERROR(INDEX(FILTER('1'!$AM:$AM,'1'!$AJ:$AJ=$A30,'1'!$A:$A=$B30),1),""""))"),2.0) -> 2 | H30: =IFERROR(__xludf.DUMMYFUNCTION("IF($B30="""","""",IFERROR(INDEX(FILTER('2'!$AK:$AK,'2'!$AH:$AH=$A30,'2'!$A:$A=$B30),1),""""))"),"") | I30: =IFERROR(__xludf.DUMMYFUNCTION("IF($B30="""","""",IFERROR(INDEX(FILTER('2'!$AL:$AL,'2'!$AH:$AH=$A30,'2'!$A:$A=$B30),1),""""))"),"") | J30: =IFERROR(__xludf.DUMMYFUNCTION("IF($B30="""","""",IFERROR(INDEX(FILTER('2'!$AM:$AM,'2'!$AH:$AH=$A30,'2'!$A:$A=$B30),1),""""))"),"") | M30: =IFERROR(__xludf.DUMMYFUNCTION("IF($B30="""","""",IFERROR(INDEX(FILTER('1'!$AM:$AM,'1'!$AJ:$AJ=$A30,'1'!$A:$A=$B30),1),""""))"),2.0) -> 2 | N30: =F30 | O30: =IFERROR(__xludf.DUMMYFUNCTION("IF($B30="""","""",IFERROR(INDEX(FILTER('1'!$AR:$AR,'1'!$AJ:$AJ=$A30,'1'!$A:$A=$B30),1),""""))"),"") | P30: =IFERROR(__xludf.DUMMYFUNCTION("IF($B30="""","""",IFERROR(INDEX(FILTER('1'!$AS:$AS,'1'!$AJ:$AJ=$A30,'1'!$A:$A=$B30),1),""""))"),"") | Q30: =IFERROR(__xludf.DUMMYFUNCTION("IF($B30="""","""",IFERROR(INDEX(FILTER('1'!$AU:$AU,'1'!$AJ:$AJ=$A30,'1'!$A:$A=$B30),1),""""))"),0.0) -> 0 | R30: =D30 -> 1166
A31: 3 | N31: =F31
A32: 3 | C32: =IF(B32="","",TEXT(B32,"ddd")) | N32: =F32
A33: 4 | B33: 46163 | C33: =IF(B33="","",TEXT(B33,"ddd")) -> 木 | D33: =IFERROR(__xludf.DUMMYFUNCTION("IF($B33="""","""",IFERROR(INDEX(FILTER('1'!$BA:$BA,'1'!$AZ:$AZ=$A33,'1'!$A:$A=$B33),1),""""))"),1167.0) -> 1167 | E33: =IFERROR(__xludf.DUMMYFUNCTION("IF($B33="""","""",IFERROR(INDEX(FILTER('1'!$BC:$BC,'1'!$AZ:$AZ=$A33,'1'!$A:$A=$B33),1),""""))"),3.0) -> 3 | F33: =IFERROR(__xludf.DUMMYFUNCTION("IF($B33="""","""",IFERROR(INDEX(FILTER('1'!$BD:$BD,'1'!$AZ:$AZ=$A33,'1'!$A:$A=$B33),1),""""))"),4.0) -> 4 | H33: =IFERROR(__xludf.DUMMYFUNCTION("IF($B33="""","""",IFERROR(INDEX(FILTER('1'!$BE:$BE,'1'!$AZ:$AZ=$A33,'1'!$A:$A=$B33),1),""""))"),2395.0) -> 2395 | I33: =IFERROR(__xludf.DUMMYFUNCTION("IF($B33="""","""",IFERROR(INDEX(FILTER('1'!$BF:$BF,'1'!$AZ:$AZ=$A33,'1'!$A:$A=$B33),1),""""))"),6014.0) -> 6014 | J33: =IFERROR(__xludf.DUMMYFUNCTION("IF($B33="""","""",IFERROR(INDEX(FILTER('1'!$BG:$BG,'1'!$AZ:$AZ=$A33,'1'!$A:$A=$B33),1),""""))"),5800.0) -> 5800 | M33: =IFERROR(__xludf.DUMMYFUNCTION("IF($B33="""","""",IFERROR(INDEX(FILTER('1'!$BC:$BC,'1'!$AZ:$AZ=$A33,'1'!$A:$A=$B33),1),""""))"),3.0) -> 3 | N33: =F33 -> 4 | O33: =IFERROR(__xludf.DUMMYFUNCTION("IF($B33="""","""",IFERROR(INDEX(FILTER('1'!$BH:$BH,'1'!$AZ:$AZ=$A33,'1'!$A:$A=$B33),1),""""))"),3.0) -> 3 | P33: =IFERROR(__xludf.DUMMYFUNCTION("IF($B33="""","""",IFERROR(INDEX(FILTER('1'!$BI:$BI,'1'!$AZ:$AZ=$A33,'1'!$A:$A=$B33),1),""""))"),7.0) -> 7 | Q33: =IFERROR(__xludf.DUMMYFUNCTION("IF($B33="""","""",IFERROR(INDEX(FILTER('1'!$BK:$BK,'1'!$AZ:$AZ=$A33,'1'!$A:$A=$B33),1),""""))"),4.0) -> 4
A34: 4 | B34: 46164 | C34: =IF(B34="","",TEXT(B34,"ddd")) -> 金 | D34: =IFERROR(__xludf.DUMMYFUNCTION("IF($B34="""","""",IFERROR(INDEX(FILTER('1'!$BA:$BA,'1'!$AZ:$AZ=$A34,'1'!$A:$A=$B34),1),""""))"),1167.0) -> 1167 | E34: =IFERROR(__xludf.DUMMYFUNCTION("IF($B34="""","""",IFERROR(INDEX(FILTER('1'!$BC:$BC,'1'!$AZ:$AZ=$A34,'1'!$A:$A=$B34),1),""""))"),1.0) -> 1 | F34: =IFERROR(__xludf.DUMMYFUNCTION("IF($B34="""","""",IFERROR(INDEX(FILTER('1'!$BD:$BD,'1'!$AZ:$AZ=$A34,'1'!$A:$A=$B34),1),""""))"),1.0) -> 1 | H34: =IFERROR(__xludf.DUMMYFUNCTION("IF($B34="""","""",IFERROR(INDEX(FILTER('1'!$BE:$BE,'1'!$AZ:$AZ=$A34,'1'!$A:$A=$B34),1),""""))"),3729.0) -> 3729 | I34: =IFERROR(__xludf.DUMMYFUNCTION("IF($B34="""","""",IFERROR(INDEX(FILTER('1'!$BF:$BF,'1'!$AZ:$AZ=$A34,'1'!$A:$A=$B34),1),""""))"),1476.0) -> 1476 | J34: =IFERROR(__xludf.DUMMYFUNCTION("IF($B34="""","""",IFERROR(INDEX(FILTER('1'!$BG:$BG,'1'!$AZ:$AZ=$A34,'1'!$A:$A=$B34),1),""""))"),-1600.0) -> -1600 | M34: =IFERROR(__xludf.DUMMYFUNCTION("IF($B34="""","""",IFERROR(INDEX(FILTER('1'!$BC:$BC,'1'!$AZ:$AZ=$A34,'1'!$A:$A=$B34),1),""""))"),1.0) -> 1 | N34: =F34 -> 1 | O34: =IFERROR(__xludf.DUMMYFUNCTION("IF($B34="""","""",IFERROR(INDEX(FILTER('1'!$BH:$BH,'1'!$AZ:$AZ=$A34,'1'!$A:$A=$B34),1),""""))"),3.5) -> 3.5 | P34: =IFERROR(__xludf.DUMMYFUNCTION("IF($B34="""","""",IFERROR(INDEX(FILTER('1'!$BI:$BI,'1'!$AZ:$AZ=$A34,'1'!$A:$A=$B34),1),""""))"),4.0) -> 4 | Q34: =IFERROR(__xludf.DUMMYFUNCTION("IF($B34="""","""",IFERROR(INDEX(FILTER('1'!$BK:$BK,'1'!$AZ:$AZ=$A34,'1'!$A:$A=$B34),1),""""))"),5.5) -> 5.5
A35: 4 | B35: 46165 | C35: =IF(B35="","",TEXT(B35,"ddd")) -> 土 | D35: =IFERROR(__xludf.DUMMYFUNCTION("IF($B35="""","""",IFERROR(INDEX(FILTER('1'!$BA:$BA,'1'!$AZ:$AZ=$A35,'1'!$A:$A=$B35),1),""""))"),1167.0) -> 1167 | E35: =IFERROR(__xludf.DUMMYFUNCTION("IF($B35="""","""",IFERROR(INDEX(FILTER('1'!$BC:$BC,'1'!$AZ:$AZ=$A35,'1'!$A:$A=$B35),1),""""))"),2.0) -> 2 | F35: =IFERROR(__xludf.DUMMYFUNCTION("IF($B35="""","""",IFERROR(INDEX(FILTER('1'!$BD:$BD,'1'!$AZ:$AZ=$A35,'1'!$A:$A=$B35),1),""""))"),-1.0) -> -1 | H35: =IFERROR(__xludf.DUMMYFUNCTION("IF($B35="""","""",IFERROR(INDEX(FILTER('1'!$BE:$BE,'1'!$AZ:$AZ=$A35,'1'!$A:$A=$B35),1),""""))"),6555.0) -> 6555 | I35: =IFERROR(__xludf.DUMMYFUNCTION("IF($B35="""","""",IFERROR(INDEX(FILTER('1'!$BF:$BF,'1'!$AZ:$AZ=$A35,'1'!$A:$A=$B35),1),""""))"),1136.0) -> 1136 | J35: =IFERROR(__xludf.DUMMYFUNCTION("IF($B35="""","""",IFERROR(INDEX(FILTER('1'!$BG:$BG,'1'!$AZ:$AZ=$A35,'1'!$A:$A=$B35),1),""""))"),-3000.0) -> -3000 | M35: =IFERROR(__xludf.DUMMYFUNCTION("IF($B35="""","""",IFERROR(INDEX(FILTER('1'!$BC:$BC,'1'!$AZ:$AZ=$A35,'1'!$A:$A=$B35),1),""""))"),2.0) -> 2 | N35: =F35 -> -1 | O35: =IFERROR(__xludf.DUMMYFUNCTION("IF($B35="""","""",IFERROR(INDEX(FILTER('1'!$BH:$BH,'1'!$AZ:$AZ=$A35,'1'!$A:$A=$B35),1),""""))"),2.5) -> 2.5 | P35: =IFERROR(__xludf.DUMMYFUNCTION("IF($B35="""","""",IFERROR(INDEX(FILTER('1'!$BI:$BI,'1'!$AZ:$AZ=$A35,'1'!$A:$A=$B35),1),""""))"),6.0) -> 6 | Q35: =IFERROR(__xludf.DUMMYFUNCTION("IF($B35="""","""",IFERROR(INDEX(FILTER('1'!$BK:$BK,'1'!$AZ:$AZ=$A35,'1'!$A:$A=$B35),1),""""))"),3.5) -> 3.5
A36: 4 | B36: 46166 | C36: =IF(B36="","",TEXT(B36,"ddd")) -> 日 | D36: =IFERROR(__xludf.DUMMYFUNCTION("IF($B36="""","""",IFERROR(INDEX(FILTER('1'!$BA:$BA,'1'!$AZ:$AZ=$A36,'1'!$A:$A=$B36),1),""""))"),1167.0) -> 1167 | E36: =IFERROR(__xludf.DUMMYFUNCTION("IF($B36="""","""",IFERROR(INDEX(FILTER('1'!$BC:$BC,'1'!$AZ:$AZ=$A36,'1'!$A:$A=$B36),1),""""))"),3.0) -> 3 | F36: =IFERROR(__xludf.DUMMYFUNCTION("IF($B36="""","""",IFERROR(INDEX(FILTER('1'!$BD:$BD,'1'!$AZ:$AZ=$A36,'1'!$A:$A=$B36),1),""""))"),6.0) -> 6 | H36: =IFERROR(__xludf.DUMMYFUNCTION("IF($B36="""","""",IFERROR(INDEX(FILTER('1'!$BE:$BE,'1'!$AZ:$AZ=$A36,'1'!$A:$A=$B36),1),""""))"),8753.0) -> 8753 | I36: =IFERROR(__xludf.DUMMYFUNCTION("IF($B36="""","""",IFERROR(INDEX(FILTER('1'!$BF:$BF,'1'!$AZ:$AZ=$A36,'1'!$A:$A=$B36),1),""""))"),12005.0) -> 12005 | J36: =IFERROR(__xludf.DUMMYFUNCTION("IF($B36="""","""",IFERROR(INDEX(FILTER('1'!$BG:$BG,'1'!$AZ:$AZ=$A36,'1'!$A:$A=$B36),1),""""))"),10000.0) -> 10000 | M36: =IFERROR(__xludf.DUMMYFUNCTION("IF($B36="""","""",IFERROR(INDEX(FILTER('1'!$BC:$BC,'1'!$AZ:$AZ=$A36,'1'!$A:$A=$B36),1),""""))"),3.0) -> 3 | N36: =F36 -> 6 | O36: =IFERROR(__xludf.DUMMYFUNCTION("IF($B36="""","""",IFERROR(INDEX(FILTER('1'!$BH:$BH,'1'!$AZ:$AZ=$A36,'1'!$A:$A=$B36),1),""""))"),2.0) -> 2 | P36: =IFERROR(__xludf.DUMMYFUNCTION("IF($B36="""","""",IFERROR(INDEX(FILTER('1'!$BI:$BI,'1'!$AZ:$AZ=$A36,'1'!$A:$A=$B36),1),""""))"),11.0) -> 11 | Q36: =IFERROR(__xludf.DUMMYFUNCTION("IF($B36="""","""",IFERROR(INDEX(FILTER('1'!$BK:$BK,'1'!$AZ:$AZ=$A36,'1'!$A:$A=$B36),1),""""))"),1.0) -> 1
A37: 4 | B37: 46167 | C37: =IF(B37="","",TEXT(B37,"ddd")) -> 月 | D37: =IFERROR(__xludf.DUMMYFUNCTION("IF($B37="""","""",IFERROR(INDEX(FILTER('1'!$BA:$BA,'1'!$AZ:$AZ=$A37,'1'!$A:$A=$B37),1),""""))"),1167.0) -> 1167 | E37: =IFERROR(__xludf.DUMMYFUNCTION("IF($B37="""","""",IFERROR(INDEX(FILTER('1'!$BC:$BC,'1'!$AZ:$AZ=$A37,'1'!$A:$A=$B37),1),""""))"),1.0) -> 1 | F37: =IFERROR(__xludf.DUMMYFUNCTION("IF($B37="""","""",IFERROR(INDEX(FILTER('1'!$BD:$BD,'1'!$AZ:$AZ=$A37,'1'!$A:$A=$B37),1),""""))"),1.0) -> 1 | H37: =IFERROR(__xludf.DUMMYFUNCTION("IF($B37="""","""",IFERROR(INDEX(FILTER('1'!$BE:$BE,'1'!$AZ:$AZ=$A37,'1'!$A:$A=$B37),1),""""))"),1865.0) -> 1865 | I37: =IFERROR(__xludf.DUMMYFUNCTION("IF($B37="""","""",IFERROR(INDEX(FILTER('1'!$BF:$BF,'1'!$AZ:$AZ=$A37,'1'!$A:$A=$B37),1),""""))"),935.0) -> 935 | J37: =IFERROR(__xludf.DUMMYFUNCTION("IF($B37="""","""",IFERROR(INDEX(FILTER('1'!$BG:$BG,'1'!$AZ:$AZ=$A37,'1'!$A:$A=$B37),1),""""))"),-1500.0) -> -1500 | M37: =IFERROR(__xludf.DUMMYFUNCTION("IF($B37="""","""",IFERROR(INDEX(FILTER('1'!$BC:$BC,'1'!$AZ:$AZ=$A37,'1'!$A:$A=$B37),1),""""))"),1.0) -> 1 | N37: =F37 -> 1 | O37: =IFERROR(__xludf.DUMMYFUNCTION("IF($B37="""","""",IFERROR(INDEX(FILTER('1'!$BH:$BH,'1'!$AZ:$AZ=$A37,'1'!$A:$A=$B37),1),""""))"),2.5) -> 2.5 | P37: =IFERROR(__xludf.DUMMYFUNCTION("IF($B37="""","""",IFERROR(INDEX(FILTER('1'!$BI:$BI,'1'!$AZ:$AZ=$A37,'1'!$A:$A=$B37),1),""""))"),4.0) -> 4 | Q37: =IFERROR(__xludf.DUMMYFUNCTION("IF($B37="""","""",IFERROR(INDEX(FILTER('1'!$BK:$BK,'1'!$AZ:$AZ=$A37,'1'!$A:$A=$B37),1),""""))"),4.5) -> 4.5
A38: 4 | B38: 46168 | C38: =IF(B38="","",TEXT(B38,"ddd")) -> 火 | D38: =IFERROR(__xludf.DUMMYFUNCTION("IF($B38="""","""",IFERROR(INDEX(FILTER('1'!$BA:$BA,'1'!$AZ:$AZ=$A38,'1'!$A:$A=$B38),1),""""))"),1167.0) -> 1167 | E38: =IFERROR(__xludf.DUMMYFUNCTION("IF($B38="""","""",IFERROR(INDEX(FILTER('1'!$BC:$BC,'1'!$AZ:$AZ=$A38,'1'!$A:$A=$B38),1),""""))"),2.0) -> 2 | F38: =IFERROR(__xludf.DUMMYFUNCTION("IF($B38="""","""",IFERROR(INDEX(FILTER('1'!$BD:$BD,'1'!$AZ:$AZ=$A38,'1'!$A:$A=$B38),1),""""))"),-1.0) -> -1 | H38: =IFERROR(__xludf.DUMMYFUNCTION("IF($B38="""","""",IFERROR(INDEX(FILTER('1'!$BE:$BE,'1'!$AZ:$AZ=$A38,'1'!$A:$A=$B38),1),""""))"),6833.0) -> 6833 | I38: =IFERROR(__xludf.DUMMYFUNCTION("IF($B38="""","""",IFERROR(INDEX(FILTER('1'!$BF:$BF,'1'!$AZ:$AZ=$A38,'1'!$A:$A=$B38),1),""""))"),1910.0) -> 1910 | J38: =IFERROR(__xludf.DUMMYFUNCTION("IF($B38="""","""",IFERROR(INDEX(FILTER('1'!$BG:$BG,'1'!$AZ:$AZ=$A38,'1'!$A:$A=$B38),1),""""))"),-3000.0) -> -3000 | M38: =IFERROR(__xludf.DUMMYFUNCTION("IF($B38="""","""",IFERROR(INDEX(FILTER('1'!$BC:$BC,'1'!$AZ:$AZ=$A38,'1'!$A:$A=$B38),1),""""))"),2.0) -> 2 | N38: =F38 -> -1 | O38: =IFERROR(__xludf.DUMMYFUNCTION("IF($B38="""","""",IFERROR(INDEX(FILTER('1'!$BH:$BH,'1'!$AZ:$AZ=$A38,'1'!$A:$A=$B38),1),""""))"),3.0) -> 3 | P38: =IFERROR(__xludf.DUMMYFUNCTION("IF($B38="""","""",IFERROR(INDEX(FILTER('1'!$BI:$BI,'1'!$AZ:$AZ=$A38,'1'!$A:$A=$B38),1),""""))"),6.0) -> 6 | Q38: =IFERROR(__xludf.DUMMYFUNCTION("IF($B38="""","""",IFERROR(INDEX(FILTER('1'!$BK:$BK,'1'!$AZ:$AZ=$A38,'1'!$A:$A=$B38),1),""""))"),4.0) -> 4
A39: 4 | B39: 46169 | C39: =IF(B39="","",TEXT(B39,"ddd")) -> 水 | D39: =IFERROR(__xludf.DUMMYFUNCTION("IF($B39="""","""",IFERROR(INDEX(FILTER('1'!$BA:$BA,'1'!$AZ:$AZ=$A39,'1'!$A:$A=$B39),1),""""))"),1167.0) -> 1167 | E39: =IFERROR(__xludf.DUMMYFUNCTION("IF($B39="""","""",IFERROR(INDEX(FILTER('1'!$BC:$BC,'1'!$AZ:$AZ=$A39,'1'!$A:$A=$B39),1),""""))"),3.0) -> 3 | F39: =IFERROR(__xludf.DUMMYFUNCTION("IF($B39="""","""",IFERROR(INDEX(FILTER('1'!$BD:$BD,'1'!$AZ:$AZ=$A39,'1'!$A:$A=$B39),1),""""))"),-3.0) -> -3 | G39: =IF(COUNT(F33:F39)=0,"",SUM(F33:F39)/7) -> 1 | H39: =IFERROR(__xludf.DUMMYFUNCTION("IF($B39="""","""",IFERROR(INDEX(FILTER('1'!$BE:$BE,'1'!$AZ:$AZ=$A39,'1'!$A:$A=$B39),1),""""))"),2987.0) -> 2987 | I39: =IFERROR(__xludf.DUMMYFUNCTION("IF($B39="""","""",IFERROR(INDEX(FILTER('1'!$BF:$BF,'1'!$AZ:$AZ=$A39,'1'!$A:$A=$B39),1),""""))"),409.0) -> 409 | J39: =IFERROR(__xludf.DUMMYFUNCTION("IF($B39="""","""",IFERROR(INDEX(FILTER('1'!$BG:$BG,'1'!$AZ:$AZ=$A39,'1'!$A:$A=$B39),1),""""))"),-4000.0) -> -4000 | K39: {=SUM(IFERROR(VALUE(J33:J39),0))} -> 2700 | M39: =IFERROR(__xludf.DUMMYFUNCTION("IF($B39="""","""",IFERROR(INDEX(FILTER('1'!$BC:$BC,'1'!$AZ:$AZ=$A39,'1'!$A:$A=$B39),1),""""))"),3.0) -> 3 | N39: =F39 -> -3 | O39: =IFERROR(__xludf.DUMMYFUNCTION("IF($B39="""","""",IFERROR(INDEX(FILTER('1'!$BH:$BH,'1'!$AZ:$AZ=$A39,'1'!$A:$A=$B39),1),""""))"),3.0) -> 3 | P39: =IFERROR(__xludf.DUMMYFUNCTION("IF($B39="""","""",IFERROR(INDEX(FILTER('1'!$BI:$BI,'1'!$AZ:$AZ=$A39,'1'!$A:$A=$B39),1),""""))"),8.0) -> 8 | Q39: =IFERROR(__xludf.DUMMYFUNCTION("IF($B39="""","""",IFERROR(INDEX(FILTER('1'!$BK:$BK,'1'!$AZ:$AZ=$A39,'1'!$A:$A=$B39),1),""""))"),3.0) -> 3
A40: 4 | B40: 46170 | C40: =IF(B40="","",TEXT(B40,"ddd")) -> 木 | D40: =IFERROR(__xludf.DUMMYFUNCTION("IF($B40="""","""",IFERROR(INDEX(FILTER('1'!$BA:$BA,'1'!$AZ:$AZ=$A40,'1'!$A:$A=$B40),1),""""))"),1167.0) -> 1167 | E40: =IFERROR(__xludf.DUMMYFUNCTION("IF($B40="""","""",IFERROR(INDEX(FILTER('1'!$BC:$BC,'1'!$AZ:$AZ=$A40,'1'!$A:$A=$B40),1),""""))"),4.0) -> 4 | H40: =IFERROR(__xludf.DUMMYFUNCTION("IF($B40="""","""",IFERROR(INDEX(FILTER('2'!$AZ:$AZ,'2'!$AW:$AW=$A40,'2'!$A:$A=$B40),1),""""))"),"") | I40: =IFERROR(__xludf.DUMMYFUNCTION("IF($B40="""","""",IFERROR(INDEX(FILTER('2'!$BA:$BA,'2'!$AW:$AW=$A40,'2'!$A:$A=$B40),1),""""))"),"") | J40: =IFERROR(__xludf.DUMMYFUNCTION("IF($B40="""","""",IFERROR(INDEX(FILTER('2'!$BB:$BB,'2'!$AW:$AW=$A40,'2'!$A:$A=$B40),1),""""))"),"") | M40: =IFERROR(__xludf.DUMMYFUNCTION("IF($B40="""","""",IFERROR(INDEX(FILTER('1'!$BC:$BC,'1'!$AZ:$AZ=$A40,'1'!$A:$A=$B40),1),""""))"),4.0) -> 4 | N40: =F40 | O40: =IFERROR(__xludf.DUMMYFUNCTION("IF($B40="""","""",IFERROR(INDEX(FILTER('1'!$BH:$BH,'1'!$AZ:$AZ=$A40,'1'!$A:$A=$B40),1),""""))"),"") | P40: =IFERROR(__xludf.DUMMYFUNCTION("IF($B40="""","""",IFERROR(INDEX(FILTER('1'!$BI:$BI,'1'!$AZ:$AZ=$A40,'1'!$A:$A=$B40),1),""""))"),"") | Q40: =IFERROR(__xludf.DUMMYFUNCTION("IF($B40="""","""",IFERROR(INDEX(FILTER('1'!$BK:$BK,'1'!$AZ:$AZ=$A40,'1'!$A:$A=$B40),1),""""))"),0.0) -> 0 | R40: =D40 -> 1167
A41: 4 | N41: =F41
A42: 4 | C42: =IF(B42="","",TEXT(B42,"ddd")) | N42: =F42
A43: 5 | B43: 46163 | C43: =IF(B43="","",TEXT(B43,"ddd")) -> 木 | D43: =IFERROR(__xludf.DUMMYFUNCTION("IF($B43="""","""",IFERROR(INDEX(FILTER('1'!$BQ:$BQ,'1'!$BP:$BP=$A43,'1'!$A:$A=$B43),1),""""))"),1168.0) -> 1168 | E43: =IFERROR(__xludf.DUMMYFUNCTION("IF($B43="""","""",IFERROR(INDEX(FILTER('1'!$BS:$BS,'1'!$BP:$BP=$A43,'1'!$A:$A=$B43),1),""""))"),9.0) -> 9 | F43: =IFERROR(__xludf.DUMMYFUNCTION("IF($B43="""","""",IFERROR(INDEX(FILTER('1'!$BT:$BT,'1'!$BP:$BP=$A43,'1'!$A:$A=$B43),1),""""))"),1.0) -> 1 | H43: =IFERROR(__xludf.DUMMYFUNCTION("IF($B43="""","""",IFERROR(INDEX(FILTER('1'!$BU:$BU,'1'!$BP:$BP=$A43,'1'!$A:$A=$B43),1),""""))"),6124.0) -> 6124 | I43: =IFERROR(__xludf.DUMMYFUNCTION("IF($B43="""","""",IFERROR(INDEX(FILTER('1'!$BV:$BV,'1'!$BP:$BP=$A43,'1'!$A:$A=$B43),1),""""))"),2781.0) -> 2781 | J43: =IFERROR(__xludf.DUMMYFUNCTION("IF($B43="""","""",IFERROR(INDEX(FILTER('1'!$BW:$BW,'1'!$BP:$BP=$A43,'1'!$A:$A=$B43),1),""""))"),-2300.0) -> -2300 | M43: =IFERROR(__xludf.DUMMYFUNCTION("IF($B43="""","""",IFERROR(INDEX(FILTER('1'!$BS:$BS,'1'!$BP:$BP=$A43,'1'!$A:$A=$B43),1),""""))"),9.0) -> 9 | N43: =F43 -> 1 | O43: =IFERROR(__xludf.DUMMYFUNCTION("IF($B43="""","""",IFERROR(INDEX(FILTER('1'!$BX:$BX,'1'!$BP:$BP=$A43,'1'!$A:$A=$B43),1),""""))"),1.5) -> 1.5 | P43: =IFERROR(__xludf.DUMMYFUNCTION("IF($B43="""","""",IFERROR(INDEX(FILTER('1'!$BY:$BY,'1'!$BP:$BP=$A43,'1'!$A:$A=$B43),1),""""))"),11.0) -> 11 | Q43: =IFERROR(__xludf.DUMMYFUNCTION("IF($B43="""","""",IFERROR(INDEX(FILTER('1'!$CA:$CA,'1'!$BP:$BP=$A43,'1'!$A:$A=$B43),1),""""))"),0.5) -> 0.5
A44: 5 | B44: 46164 | C44: =IF(B44="","",TEXT(B44,"ddd")) -> 金 | D44: =IFERROR(__xludf.DUMMYFUNCTION("IF($B44="""","""",IFERROR(INDEX(FILTER('1'!$BQ:$BQ,'1'!$BP:$BP=$A44,'1'!$A:$A=$B44),1),""""))"),1168.0) -> 1168 | E44: =IFERROR(__xludf.DUMMYFUNCTION("IF($B44="""","""",IFERROR(INDEX(FILTER('1'!$BS:$BS,'1'!$BP:$BP=$A44,'1'!$A:$A=$B44),1),""""))"),10.0) -> 10 | F44: =IFERROR(__xludf.DUMMYFUNCTION("IF($B44="""","""",IFERROR(INDEX(FILTER('1'!$BT:$BT,'1'!$BP:$BP=$A44,'1'!$A:$A=$B44),1),""""))"),5.0) -> 5 | H44: =IFERROR(__xludf.DUMMYFUNCTION("IF($B44="""","""",IFERROR(INDEX(FILTER('1'!$BU:$BU,'1'!$BP:$BP=$A44,'1'!$A:$A=$B44),1),""""))"),4853.0) -> 4853 | I44: =IFERROR(__xludf.DUMMYFUNCTION("IF($B44="""","""",IFERROR(INDEX(FILTER('1'!$BV:$BV,'1'!$BP:$BP=$A44,'1'!$A:$A=$B44),1),""""))"),8953.0) -> 8953 | J44: =IFERROR(__xludf.DUMMYFUNCTION("IF($B44="""","""",IFERROR(INDEX(FILTER('1'!$BW:$BW,'1'!$BP:$BP=$A44,'1'!$A:$A=$B44),1),""""))"),7900.0) -> 7900 | M44: =IFERROR(__xludf.DUMMYFUNCTION("IF($B44="""","""",IFERROR(INDEX(FILTER('1'!$BS:$BS,'1'!$BP:$BP=$A44,'1'!$A:$A=$B44),1),""""))"),10.0) -> 10 | N44: =F44 -> 5 | O44: =IFERROR(__xludf.DUMMYFUNCTION("IF($B44="""","""",IFERROR(INDEX(FILTER('1'!$BX:$BX,'1'!$BP:$BP=$A44,'1'!$A:$A=$B44),1),""""))"),1.0) -> 1 | P44: =IFERROR(__xludf.DUMMYFUNCTION("IF($B44="""","""",IFERROR(INDEX(FILTER('1'!$BY:$BY,'1'!$BP:$BP=$A44,'1'!$A:$A=$B44),1),""""))"),3.0) -> 3 | Q44: =IFERROR(__xludf.DUMMYFUNCTION("IF($B44="""","""",IFERROR(INDEX(FILTER('1'!$CA:$CA,'1'!$BP:$BP=$A44,'1'!$A:$A=$B44),1),""""))"),3.5) -> 3.5
A45: 5 | B45: 46165 | C45: =IF(B45="","",TEXT(B45,"ddd")) -> 土 | D45: =IFERROR(__xludf.DUMMYFUNCTION("IF($B45="""","""",IFERROR(INDEX(FILTER('1'!$BQ:$BQ,'1'!$BP:$BP=$A45,'1'!$A:$A=$B45),1),""""))"),1168.0) -> 1168 | E45: =IFERROR(__xludf.DUMMYFUNCTION("IF($B45="""","""",IFERROR(INDEX(FILTER('1'!$BS:$BS,'1'!$BP:$BP=$A45,'1'!$A:$A=$B45),1),""""))"),1.0) -> 1 | F45: =IFERROR(__xludf.DUMMYFUNCTION("IF($B45="""","""",IFERROR(INDEX(FILTER('1'!$BT:$BT,'1'!$BP:$BP=$A45,'1'!$A:$A=$B45),1),""""))"),-2.0) -> -2 | H45: =IFERROR(__xludf.DUMMYFUNCTION("IF($B45="""","""",IFERROR(INDEX(FILTER('1'!$BU:$BU,'1'!$BP:$BP=$A45,'1'!$A:$A=$B45),1),""""))"),5674.0) -> 5674 | I45: =IFERROR(__xludf.DUMMYFUNCTION("IF($B45="""","""",IFERROR(INDEX(FILTER('1'!$BV:$BV,'1'!$BP:$BP=$A45,'1'!$A:$A=$B45),1),""""))"),1510.0) -> 1510 | J45: =IFERROR(__xludf.DUMMYFUNCTION("IF($B45="""","""",IFERROR(INDEX(FILTER('1'!$BW:$BW,'1'!$BP:$BP=$A45,'1'!$A:$A=$B45),1),""""))"),-4000.0) -> -4000 | M45: =IFERROR(__xludf.DUMMYFUNCTION("IF($B45="""","""",IFERROR(INDEX(FILTER('1'!$BS:$BS,'1'!$BP:$BP=$A45,'1'!$A:$A=$B45),1),""""))"),1.0) -> 1 | N45: =F45 -> -2 | O45: =IFERROR(__xludf.DUMMYFUNCTION("IF($B45="""","""",IFERROR(INDEX(FILTER('1'!$BX:$BX,'1'!$BP:$BP=$A45,'1'!$A:$A=$B45),1),""""))"),3.0) -> 3 | P45: =IFERROR(__xludf.DUMMYFUNCTION("IF($B45="""","""",IFERROR(INDEX(FILTER('1'!$BY:$BY,'1'!$BP:$BP=$A45,'1'!$A:$A=$B45),1),""""))"),1.0) -> 1 | Q45: =IFERROR(__xludf.DUMMYFUNCTION("IF($B45="""","""",IFERROR(INDEX(FILTER('1'!$CA:$CA,'1'!$BP:$BP=$A45,'1'!$A:$A=$B45),1),""""))"),6.0) -> 6
A46: 5 | B46: 46166 | C46: =IF(B46="","",TEXT(B46,"ddd")) -> 日 | D46: =IFERROR(__xludf.DUMMYFUNCTION("IF($B46="""","""",IFERROR(INDEX(FILTER('1'!$BQ:$BQ,'1'!$BP:$BP=$A46,'1'!$A:$A=$B46),1),""""))"),1168.0) -> 1168 | E46: =IFERROR(__xludf.DUMMYFUNCTION("IF($B46="""","""",IFERROR(INDEX(FILTER('1'!$BS:$BS,'1'!$BP:$BP=$A46,'1'!$A:$A=$B46),1),""""))"),2.0) -> 2 | F46: =IFERROR(__xludf.DUMMYFUNCTION("IF($B46="""","""",IFERROR(INDEX(FILTER('1'!$BT:$BT,'1'!$BP:$BP=$A46,'1'!$A:$A=$B46),1),""""))"),5.0) -> 5 | H46: =IFERROR(__xludf.DUMMYFUNCTION("IF($B46="""","""",IFERROR(INDEX(FILTER('1'!$BU:$BU,'1'!$BP:$BP=$A46,'1'!$A:$A=$B46),1),""""))"),8447.0) -> 8447 | I46: =IFERROR(__xludf.DUMMYFUNCTION("IF($B46="""","""",IFERROR(INDEX(FILTER('1'!$BV:$BV,'1'!$BP:$BP=$A46,'1'!$A:$A=$B46),1),""""))"),8038.0) -> 8038 | J46: =IFERROR(__xludf.DUMMYFUNCTION("IF($B46="""","""",IFERROR(INDEX(FILTER('1'!$BW:$BW,'1'!$BP:$BP=$A46,'1'!$A:$A=$B46),1),""""))"),3200.0) -> 3200 | M46: =IFERROR(__xludf.DUMMYFUNCTION("IF($B46="""","""",IFERROR(INDEX(FILTER('1'!$BS:$BS,'1'!$BP:$BP=$A46,'1'!$A:$A=$B46),1),""""))"),2.0) -> 2 | N46: =F46 -> 5 | O46: =IFERROR(__xludf.DUMMYFUNCTION("IF($B46="""","""",IFERROR(INDEX(FILTER('1'!$BX:$BX,'1'!$BP:$BP=$A46,'1'!$A:$A=$B46),1),""""))"),1.5) -> 1.5 | P46: =IFERROR(__xludf.DUMMYFUNCTION("IF($B46="""","""",IFERROR(INDEX(FILTER('1'!$BY:$BY,'1'!$BP:$BP=$A46,'1'!$A:$A=$B46),1),""""))"),1.0) -> 1 | Q46: =IFERROR(__xludf.DUMMYFUNCTION("IF($B46="""","""",IFERROR(INDEX(FILTER('1'!$CA:$CA,'1'!$BP:$BP=$A46,'1'!$A:$A=$B46),1),""""))"),4.5) -> 4.5
A47: 5 | B47: 46167 | C47: =IF(B47="","",TEXT(B47,"ddd")) -> 月 | D47: =IFERROR(__xludf.DUMMYFUNCTION("IF($B47="""","""",IFERROR(INDEX(FILTER('1'!$BQ:$BQ,'1'!$BP:$BP=$A47,'1'!$A:$A=$B47),1),""""))"),1168.0) -> 1168 | E47: =IFERROR(__xludf.DUMMYFUNCTION("IF($B47="""","""",IFERROR(INDEX(FILTER('1'!$BS:$BS,'1'!$BP:$BP=$A47,'1'!$A:$A=$B47),1),""""))"),1.0) -> 1 | F47: =IFERROR(__xludf.DUMMYFUNCTION("IF($B47="""","""",IFERROR(INDEX(FILTER('1'!$BT:$BT,'1'!$BP:$BP=$A47,'1'!$A:$A=$B47),1),""""))"),2.0) -> 2 | H47: =IFERROR(__xludf.DUMMYFUNCTION("IF($B47="""","""",IFERROR(INDEX(FILTER('1'!$BU:$BU,'1'!$BP:$BP=$A47,'1'!$A:$A=$B47),1),""""))"),4787.0) -> 4787 | I47: =IFERROR(__xludf.DUMMYFUNCTION("IF($B47="""","""",IFERROR(INDEX(FILTER('1'!$BV:$BV,'1'!$BP:$BP=$A47,'1'!$A:$A=$B47),1),""""))"),3797.0) -> 3797 | J47: =IFERROR(__xludf.DUMMYFUNCTION("IF($B47="""","""",IFERROR(INDEX(FILTER('1'!$BW:$BW,'1'!$BP:$BP=$A47,'1'!$A:$A=$B47),1),""""))"),-300.0) -> -300 | M47: =IFERROR(__xludf.DUMMYFUNCTION("IF($B47="""","""",IFERROR(INDEX(FILTER('1'!$BS:$BS,'1'!$BP:$BP=$A47,'1'!$A:$A=$B47),1),""""))"),1.0) -> 1 | N47: =F47 -> 2 | O47: =IFERROR(__xludf.DUMMYFUNCTION("IF($B47="""","""",IFERROR(INDEX(FILTER('1'!$BX:$BX,'1'!$BP:$BP=$A47,'1'!$A:$A=$B47),1),""""))"),3.0) -> 3 | P47: =IFERROR(__xludf.DUMMYFUNCTION("IF($B47="""","""",IFERROR(INDEX(FILTER('1'!$BY:$BY,'1'!$BP:$BP=$A47,'1'!$A:$A=$B47),1),""""))"),5.0) -> 5 | Q47: =IFERROR(__xludf.DUMMYFUNCTION("IF($B47="""","""",IFERROR(INDEX(FILTER('1'!$CA:$CA,'1'!$BP:$BP=$A47,'1'!$A:$A=$B47),1),""""))"),5.0) -> 5
A48: 5 | B48: 46168 | C48: =IF(B48="","",TEXT(B48,"ddd")) -> 火 | D48: =IFERROR(__xludf.DUMMYFUNCTION("IF($B48="""","""",IFERROR(INDEX(FILTER('1'!$BQ:$BQ,'1'!$BP:$BP=$A48,'1'!$A:$A=$B48),1),""""))"),1168.0) -> 1168 | E48: =IFERROR(__xludf.DUMMYFUNCTION("IF($B48="""","""",IFERROR(INDEX(FILTER('1'!$BS:$BS,'1'!$BP:$BP=$A48,'1'!$A:$A=$B48),1),""""))"),2.0) -> 2 | F48: =IFERROR(__xludf.DUMMYFUNCTION("IF($B48="""","""",IFERROR(INDEX(FILTER('1'!$BT:$BT,'1'!$BP:$BP=$A48,'1'!$A:$A=$B48),1),""""))"),1.0) -> 1 | H48: =IFERROR(__xludf.DUMMYFUNCTION("IF($B48="""","""",IFERROR(INDEX(FILTER('1'!$BU:$BU,'1'!$BP:$BP=$A48,'1'!$A:$A=$B48),1),""""))"),3486.0) -> 3486 | I48: =IFERROR(__xludf.DUMMYFUNCTION("IF($B48="""","""",IFERROR(INDEX(FILTER('1'!$BV:$BV,'1'!$BP:$BP=$A48,'1'!$A:$A=$B48),1),""""))"),1029.0) -> 1029 | J48: =IFERROR(__xludf.DUMMYFUNCTION("IF($B48="""","""",IFERROR(INDEX(FILTER('1'!$BW:$BW,'1'!$BP:$BP=$A48,'1'!$A:$A=$B48),1),""""))"),-1200.0) -> -1200 | M48: =IFERROR(__xludf.DUMMYFUNCTION("IF($B48="""","""",IFERROR(INDEX(FILTER('1'!$BS:$BS,'1'!$BP:$BP=$A48,'1'!$A:$A=$B48),1),""""))"),2.0) -> 2 | N48: =F48 -> 1 | O48: =IFERROR(__xludf.DUMMYFUNCTION("IF($B48="""","""",IFERROR(INDEX(FILTER('1'!$BX:$BX,'1'!$BP:$BP=$A48,'1'!$A:$A=$B48),1),""""))"),3.0) -> 3 | P48: =IFERROR(__xludf.DUMMYFUNCTION("IF($B48="""","""",IFERROR(INDEX(FILTER('1'!$BY:$BY,'1'!$BP:$BP=$A48,'1'!$A:$A=$B48),1),""""))"),9.0) -> 9 | Q48: =IFERROR(__xludf.DUMMYFUNCTION("IF($B48="""","""",IFERROR(INDEX(FILTER('1'!$CA:$CA,'1'!$BP:$BP=$A48,'1'!$A:$A=$B48),1),""""))"),3.0) -> 3
A49: 5 | B49: 46169 | C49: =IF(B49="","",TEXT(B49,"ddd")) -> 水 | D49: =IFERROR(__xludf.DUMMYFUNCTION("IF($B49="""","""",IFERROR(INDEX(FILTER('1'!$BQ:$BQ,'1'!$BP:$BP=$A49,'1'!$A:$A=$B49),1),""""))"),1168.0) -> 1168 | E49: =IFERROR(__xludf.DUMMYFUNCTION("IF($B49="""","""",IFERROR(INDEX(FILTER('1'!$BS:$BS,'1'!$BP:$BP=$A49,'1'!$A:$A=$B49),1),""""))"),3.0) -> 3 | F49: =IFERROR(__xludf.DUMMYFUNCTION("IF($B49="""","""",IFERROR(INDEX(FILTER('1'!$BT:$BT,'1'!$BP:$BP=$A49,'1'!$A:$A=$B49),1),""""))"),1.0) -> 1 | G49: =IF(COUNT(F43:F49)=0,"",SUM(F43:F49)/7) -> 1.8571429 | H49: =IFERROR(__xludf.DUMMYFUNCTION("IF($B49="""","""",IFERROR(INDEX(FILTER('1'!$BU:$BU,'1'!$BP:$BP=$A49,'1'!$A:$A=$B49),1),""""))"),5140.0) -> 5140 | I49: =IFERROR(__xludf.DUMMYFUNCTION("IF($B49="""","""",IFERROR(INDEX(FILTER('1'!$BV:$BV,'1'!$BP:$BP=$A49,'1'!$A:$A=$B49),1),""""))"),2055.0) -> 2055 | J49: =IFERROR(__xludf.DUMMYFUNCTION("IF($B49="""","""",IFERROR(INDEX(FILTER('1'!$BW:$BW,'1'!$BP:$BP=$A49,'1'!$A:$A=$B49),1),""""))"),-2000.0) -> -2000 | K49: {=SUM(IFERROR(VALUE(J43:J49),0))} -> 1300 | M49: =IFERROR(__xludf.DUMMYFUNCTION("IF($B49="""","""",IFERROR(INDEX(FILTER('1'!$BS:$BS,'1'!$BP:$BP=$A49,'1'!$A:$A=$B49),1),""""))"),3.0) -> 3 | N49: =F49 -> 1 | O49: =IFERROR(__xludf.DUMMYFUNCTION("IF($B49="""","""",IFERROR(INDEX(FILTER('1'!$BX:$BX,'1'!$BP:$BP=$A49,'1'!$A:$A=$B49),1),""""))"),4.0) -> 4 | P49: =IFERROR(__xludf.DUMMYFUNCTION("IF($B49="""","""",IFERROR(INDEX(FILTER('1'!$BY:$BY,'1'!$BP:$BP=$A49,'1'!$A:$A=$B49),1),""""))"),10.0) -> 10 | Q49: =IFERROR(__xludf.DUMMYFUNCTION("IF($B49="""","""",IFERROR(INDEX(FILTER('1'!$CA:$CA,'1'!$BP:$BP=$A49,'1'!$A:$A=$B49),1),""""))"),3.0) -> 3
A50: 5 | B50: 46170 | C50: =IF(B50="","",TEXT(B50,"ddd")) -> 木 | D50: =IFERROR(__xludf.DUMMYFUNCTION("IF($B50="""","""",IFERROR(INDEX(FILTER('1'!$BQ:$BQ,'1'!$BP:$BP=$A50,'1'!$A:$A=$B50),1),""""))"),1168.0) -> 1168 | E50: =IFERROR(__xludf.DUMMYFUNCTION("IF($B50="""","""",IFERROR(INDEX(FILTER('1'!$BS:$BS,'1'!$BP:$BP=$A50,'1'!$A:$A=$B50),1),""""))"),4.0) -> 4 | H50: =IFERROR(__xludf.DUMMYFUNCTION("IF($B50="""","""",IFERROR(INDEX(FILTER('2'!$BP:$BP,'2'!$BM:$BM=$A50,'2'!$A:$A=$B50),1),""""))"),"") | I50: =IFERROR(__xludf.DUMMYFUNCTION("IF($B50="""","""",IFERROR(INDEX(FILTER('2'!$BQ:$BQ,'2'!$BM:$BM=$A50,'2'!$A:$A=$B50),1),""""))"),"") | J50: =IFERROR(__xludf.DUMMYFUNCTION("IF($B50="""","""",IFERROR(INDEX(FILTER('2'!$BR:$BR,'2'!$BM:$BM=$A50,'2'!$A:$A=$B50),1),""""))"),"") | M50: =IFERROR(__xludf.DUMMYFUNCTION("IF($B50="""","""",IFERROR(INDEX(FILTER('1'!$BS:$BS,'1'!$BP:$BP=$A50,'1'!$A:$A=$B50),1),""""))"),4.0) -> 4 | N50: =F50 | O50: =IFERROR(__xludf.DUMMYFUNCTION("IF($B50="""","""",IFERROR(INDEX(FILTER('1'!$BX:$BX,'1'!$BP:$BP=$A50,'1'!$A:$A=$B50),1),""""))"),"") | P50: =IFERROR(__xludf.DUMMYFUNCTION("IF($B50="""","""",IFERROR(INDEX(FILTER('1'!$BY:$BY,'1'!$BP:$BP=$A50,'1'!$A:$A=$B50),1),""""))"),"") | Q50: =IFERROR(__xludf.DUMMYFUNCTION("IF($B50="""","""",IFERROR(INDEX(FILTER('1'!$CA:$CA,'1'!$BP:$BP=$A50,'1'!$A:$A=$B50),1),""""))"),0.0) -> 0 | R50: =D50 -> 1168
A51: 5 | N51: =F51
A52: 5 | C52: =IF(B52="","",TEXT(B52,"ddd")) | N52: =F52
A53: 6 | B53: 46163 | C53: =IF(B53="","",TEXT(B53,"ddd")) -> 木 | D53: =IFERROR(__xludf.DUMMYFUNCTION("IF($B53="""","""",IFERROR(INDEX(FILTER('1'!$CG:$CG,'1'!$CF:$CF=$A53,'1'!$A:$A=$B53),1),""""))"),1169.0) -> 1169 | E53: =IFERROR(__xludf.DUMMYFUNCTION("IF($B53="""","""",IFERROR(INDEX(FILTER('1'!$CI:$CI,'1'!$CF:$CF=$A53,'1'!$A:$A=$B53),1),""""))"),2.0) -> 2 | F53: =IFERROR(__xludf.DUMMYFUNCTION("IF($B53="""","""",IFERROR(INDEX(FILTER('1'!$CJ:$CJ,'1'!$CF:$CF=$A53,'1'!$A:$A=$B53),1),""""))"),1.0) -> 1 | H53: =IFERROR(__xludf.DUMMYFUNCTION("IF($B53="""","""",IFERROR(INDEX(FILTER('1'!$CK:$CK,'1'!$CF:$CF=$A53,'1'!$A:$A=$B53),1),""""))"),2302.0) -> 2302 | I53: =IFERROR(__xludf.DUMMYFUNCTION("IF($B53="""","""",IFERROR(INDEX(FILTER('1'!$CL:$CL,'1'!$CF:$CF=$A53,'1'!$A:$A=$B53),1),""""))"),1439.0) -> 1439 | J53: =IFERROR(__xludf.DUMMYFUNCTION("IF($B53="""","""",IFERROR(INDEX(FILTER('1'!$CM:$CM,'1'!$CF:$CF=$A53,'1'!$A:$A=$B53),1),""""))"),-1100.0) -> -1100 | M53: =IFERROR(__xludf.DUMMYFUNCTION("IF($B53="""","""",IFERROR(INDEX(FILTER('1'!$CI:$CI,'1'!$CF:$CF=$A53,'1'!$A:$A=$B53),1),""""))"),2.0) -> 2 | N53: =F53 -> 1 | O53: =IFERROR(__xludf.DUMMYFUNCTION("IF($B53="""","""",IFERROR(INDEX(FILTER('1'!$CN:$CN,'1'!$CF:$CF=$A53,'1'!$A:$A=$B53),1),""""))"),3.5) -> 3.5 | P53: =IFERROR(__xludf.DUMMYFUNCTION("IF($B53="""","""",IFERROR(INDEX(FILTER('1'!$CO:$CO,'1'!$CF:$CF=$A53,'1'!$A:$A=$B53),1),""""))"),1.0) -> 1 | Q53: =IFERROR(__xludf.DUMMYFUNCTION("IF($B53="""","""",IFERROR(INDEX(FILTER('1'!$CQ:$CQ,'1'!$CF:$CF=$A53,'1'!$A:$A=$B53),1),""""))"),6.5) -> 6.5
A54: 6 | B54: 46164 | C54: =IF(B54="","",TEXT(B54,"ddd")) -> 金 | D54: =IFERROR(__xludf.DUMMYFUNCTION("IF($B54="""","""",IFERROR(INDEX(FILTER('1'!$CG:$CG,'1'!$CF:$CF=$A54,'1'!$A:$A=$B54),1),""""))"),1169.0) -> 1169 | E54: =IFERROR(__xludf.DUMMYFUNCTION("IF($B54="""","""",IFERROR(INDEX(FILTER('1'!$CI:$CI,'1'!$CF:$CF=$A54,'1'!$A:$A=$B54),1),""""))"),3.0) -> 3 | F54: =IFERROR(__xludf.DUMMYFUNCTION("IF($B54="""","""",IFERROR(INDEX(FILTER('1'!$CJ:$CJ,'1'!$CF:$CF=$A54,'1'!$A:$A=$B54),1),""""))"),-3.0) -> -3 | H54: =IFERROR(__xludf.DUMMYFUNCTION("IF($B54="""","""",IFERROR(INDEX(FILTER('1'!$CK:$CK,'1'!$CF:$CF=$A54,'1'!$A:$A=$B54),1),""""))"),6761.0) -> 6761 | I54: =IFERROR(__xludf.DUMMYFUNCTION("IF($B54="""","""",IFERROR(INDEX(FILTER('1'!$CL:$CL,'1'!$CF:$CF=$A54,'1'!$A:$A=$B54),1),""""))"),944.0) -> 944 | J54: =IFERROR(__xludf.DUMMYFUNCTION("IF($B54="""","""",IFERROR(INDEX(FILTER('1'!$CM:$CM,'1'!$CF:$CF=$A54,'1'!$A:$A=$B54),1),""""))"),-5000.0) -> -5000 | M54: =IFERROR(__xludf.DUMMYFUNCTION("IF($B54="""","""",IFERROR(INDEX(FILTER('1'!$CI:$CI,'1'!$CF:$CF=$A54,'1'!$A:$A=$B54),1),""""))"),3.0) -> 3 | N54: =F54 -> -3 | O54: =IFERROR(__xludf.DUMMYFUNCTION("IF($B54="""","""",IFERROR(INDEX(FILTER('1'!$CN:$CN,'1'!$CF:$CF=$A54,'1'!$A:$A=$B54),1),""""))"),1.5) -> 1.5 | P54: =IFERROR(__xludf.DUMMYFUNCTION("IF($B54="""","""",IFERROR(INDEX(FILTER('1'!$CO:$CO,'1'!$CF:$CF=$A54,'1'!$A:$A=$B54),1),""""))"),5.0) -> 5 | Q54: =IFERROR(__xludf.DUMMYFUNCTION("IF($B54="""","""",IFERROR(INDEX(FILTER('1'!$CQ:$CQ,'1'!$CF:$CF=$A54,'1'!$A:$A=$B54),1),""""))"),3.5) -> 3.5
A55: 6 | B55: 46165 | C55: =IF(B55="","",TEXT(B55,"ddd")) -> 土 | D55: =IFERROR(__xludf.DUMMYFUNCTION("IF($B55="""","""",IFERROR(INDEX(FILTER('1'!$CG:$CG,'1'!$CF:$CF=$A55,'1'!$A:$A=$B55),1),""""))"),1169.0) -> 1169 | E55: =IFERROR(__xludf.DUMMYFUNCTION("IF($B55="""","""",IFERROR(INDEX(FILTER('1'!$CI:$CI,'1'!$CF:$CF=$A55,'1'!$A:$A=$B55),1),""""))"),4.0) -> 4 | F55: =IFERROR(__xludf.DUMMYFUNCTION("IF($B55="""","""",IFERROR(INDEX(FILTER('1'!$CJ:$CJ,'1'!$CF:$CF=$A55,'1'!$A:$A=$B55),1),""""))"),2.0) -> 2 | H55: =IFERROR(__xludf.DUMMYFUNCTION("IF($B55="""","""",IFERROR(INDEX(FILTER('1'!$CK:$CK,'1'!$CF:$CF=$A55,'1'!$A:$A=$B55),1),""""))"),7298.0) -> 7298 | I55: =IFERROR(__xludf.DUMMYFUNCTION("IF($B55="""","""",IFERROR(INDEX(FILTER('1'!$CL:$CL,'1'!$CF:$CF=$A55,'1'!$A:$A=$B55),1),""""))"),2307.0) -> 2307 | J55: =IFERROR(__xludf.DUMMYFUNCTION("IF($B55="""","""",IFERROR(INDEX(FILTER('1'!$CM:$CM,'1'!$CF:$CF=$A55,'1'!$A:$A=$B55),1),""""))"),-1000.0) -> -1000 | M55: =IFERROR(__xludf.DUMMYFUNCTION("IF($B55="""","""",IFERROR(INDEX(FILTER('1'!$CI:$CI,'1'!$CF:$CF=$A55,'1'!$A:$A=$B55),1),""""))"),4.0) -> 4 | N55: =F55 -> 2 | O55: =IFERROR(__xludf.DUMMYFUNCTION("IF($B55="""","""",IFERROR(INDEX(FILTER('1'!$CN:$CN,'1'!$CF:$CF=$A55,'1'!$A:$A=$B55),1),""""))"),-1.0) -> -1 | P55: =IFERROR(__xludf.DUMMYFUNCTION("IF($B55="""","""",IFERROR(INDEX(FILTER('1'!$CO:$CO,'1'!$CF:$CF=$A55,'1'!$A:$A=$B55),1),""""))"),2.0) -> 2 | Q55: =IFERROR(__xludf.DUMMYFUNCTION("IF($B55="""","""",IFERROR(INDEX(FILTER('1'!$CQ:$CQ,'1'!$CF:$CF=$A55,'1'!$A:$A=$B55),1),""""))"),2.0) -> 2
A56: 6 | B56: 46166 | C56: =IF(B56="","",TEXT(B56,"ddd")) -> 日 | D56: =IFERROR(__xludf.DUMMYFUNCTION("IF($B56="""","""",IFERROR(INDEX(FILTER('1'!$CG:$CG,'1'!$CF:$CF=$A56,'1'!$A:$A=$B56),1),""""))"),1169.0) -> 1169 | E56: =IFERROR(__xludf.DUMMYFUNCTION("IF($B56="""","""",IFERROR(INDEX(FILTER('1'!$CI:$CI,'1'!$CF:$CF=$A56,'1'!$A:$A=$B56),1),""""))"),5.0) -> 5 | F56: =IFERROR(__xludf.DUMMYFUNCTION("IF($B56="""","""",IFERROR(INDEX(FILTER('1'!$CJ:$CJ,'1'!$CF:$CF=$A56,'1'!$A:$A=$B56),1),""""))"),-2.0) -> -2 | H56: =IFERROR(__xludf.DUMMYFUNCTION("IF($B56="""","""",IFERROR(INDEX(FILTER('1'!$CK:$CK,'1'!$CF:$CF=$A56,'1'!$A:$A=$B56),1),""""))"),8452.0) -> 8452 | I56: =IFERROR(__xludf.DUMMYFUNCTION("IF($B56="""","""",IFERROR(INDEX(FILTER('1'!$CL:$CL,'1'!$CF:$CF=$A56,'1'!$A:$A=$B56),1),""""))"),1285.0) -> 1285 | J56: =IFERROR(__xludf.DUMMYFUNCTION("IF($B56="""","""",IFERROR(INDEX(FILTER('1'!$CM:$CM,'1'!$CF:$CF=$A56,'1'!$A:$A=$B56),1),""""))"),-5000.0) -> -5000 | M56: =IFERROR(__xludf.DUMMYFUNCTION("IF($B56="""","""",IFERROR(INDEX(FILTER('1'!$CI:$CI,'1'!$CF:$CF=$A56,'1'!$A:$A=$B56),1),""""))"),5.0) -> 5 | N56: =F56 -> -2 | O56: =IFERROR(__xludf.DUMMYFUNCTION("IF($B56="""","""",IFERROR(INDEX(FILTER('1'!$CN:$CN,'1'!$CF:$CF=$A56,'1'!$A:$A=$B56),1),""""))"),2.0) -> 2 | P56: =IFERROR(__xludf.DUMMYFUNCTION("IF($B56="""","""",IFERROR(INDEX(FILTER('1'!$CO:$CO,'1'!$CF:$CF=$A56,'1'!$A:$A=$B56),1),""""))"),3.0) -> 3 | Q56: =IFERROR(__xludf.DUMMYFUNCTION("IF($B56="""","""",IFERROR(INDEX(FILTER('1'!$CQ:$CQ,'1'!$CF:$CF=$A56,'1'!$A:$A=$B56),1),""""))"),4.5) -> 4.5
A57: 6 | B57: 46167 | C57: =IF(B57="","",TEXT(B57,"ddd")) -> 月 | D57: =IFERROR(__xludf.DUMMYFUNCTION("IF($B57="""","""",IFERROR(INDEX(FILTER('1'!$CG:$CG,'1'!$CF:$CF=$A57,'1'!$A:$A=$B57),1),""""))"),1169.0) -> 1169 | E57: =IFERROR(__xludf.DUMMYFUNCTION("IF($B57="""","""",IFERROR(INDEX(FILTER('1'!$CI:$CI,'1'!$CF:$CF=$A57,'1'!$A:$A=$B57),1),""""))"),6.0) -> 6 | F57: =IFERROR(__xludf.DUMMYFUNCTION("IF($B57="""","""",IFERROR(INDEX(FILTER('1'!$CJ:$CJ,'1'!$CF:$CF=$A57,'1'!$A:$A=$B57),1),""""))"),1.0) -> 1 | H57: =IFERROR(__xludf.DUMMYFUNCTION("IF($B57="""","""",IFERROR(INDEX(FILTER('1'!$CK:$CK,'1'!$CF:$CF=$A57,'1'!$A:$A=$B57),1),""""))"),3927.0) -> 3927 | I57: =IFERROR(__xludf.DUMMYFUNCTION("IF($B57="""","""",IFERROR(INDEX(FILTER('1'!$CL:$CL,'1'!$CF:$CF=$A57,'1'!$A:$A=$B57),1),""""))"),1381.0) -> 1381 | J57: =IFERROR(__xludf.DUMMYFUNCTION("IF($B57="""","""",IFERROR(INDEX(FILTER('1'!$CM:$CM,'1'!$CF:$CF=$A57,'1'!$A:$A=$B57),1),""""))"),-1900.0) -> -1900 | M57: =IFERROR(__xludf.DUMMYFUNCTION("IF($B57="""","""",IFERROR(INDEX(FILTER('1'!$CI:$CI,'1'!$CF:$CF=$A57,'1'!$A:$A=$B57),1),""""))"),6.0) -> 6 | N57: =F57 -> 1 | O57: =IFERROR(__xludf.DUMMYFUNCTION("IF($B57="""","""",IFERROR(INDEX(FILTER('1'!$CN:$CN,'1'!$CF:$CF=$A57,'1'!$A:$A=$B57),1),""""))"),-1.0) -> -1 | P57: =IFERROR(__xludf.DUMMYFUNCTION("IF($B57="""","""",IFERROR(INDEX(FILTER('1'!$CO:$CO,'1'!$CF:$CF=$A57,'1'!$A:$A=$B57),1),""""))"),8.0) -> 8 | Q57: =IFERROR(__xludf.DUMMYFUNCTION("IF($B57="""","""",IFERROR(INDEX(FILTER('1'!$CQ:$CQ,'1'!$CF:$CF=$A57,'1'!$A:$A=$B57),1),""""))"),-1.0) -> -1
A58: 6 | B58: 46168 | C58: =IF(B58="","",TEXT(B58,"ddd")) -> 火 | D58: =IFERROR(__xludf.DUMMYFUNCTION("IF($B58="""","""",IFERROR(INDEX(FILTER('1'!$CG:$CG,'1'!$CF:$CF=$A58,'1'!$A:$A=$B58),1),""""))"),1169.0) -> 1169 | E58: =IFERROR(__xludf.DUMMYFUNCTION("IF($B58="""","""",IFERROR(INDEX(FILTER('1'!$CI:$CI,'1'!$CF:$CF=$A58,'1'!$A:$A=$B58),1),""""))"),7.0) -> 7 | F58: =IFERROR(__xludf.DUMMYFUNCTION("IF($B58="""","""",IFERROR(INDEX(FILTER('1'!$CJ:$CJ,'1'!$CF:$CF=$A58,'1'!$A:$A=$B58),1),""""))"),6.0) -> 6 | H58: =IFERROR(__xludf.DUMMYFUNCTION("IF($B58="""","""",IFERROR(INDEX(FILTER('1'!$CK:$CK,'1'!$CF:$CF=$A58,'1'!$A:$A=$B58),1),""""))"),6241.0) -> 6241 | I58: =IFERROR(__xludf.DUMMYFUNCTION("IF($B58="""","""",IFERROR(INDEX(FILTER('1'!$CL:$CL,'1'!$CF:$CF=$A58,'1'!$A:$A=$B58),1),""""))"),11775.0) -> 11775 | J58: =IFERROR(__xludf.DUMMYFUNCTION("IF($B58="""","""",IFERROR(INDEX(FILTER('1'!$CM:$CM,'1'!$CF:$CF=$A58,'1'!$A:$A=$B58),1),""""))"),9200.0) -> 9200 | M58: =IFERROR(__xludf.DUMMYFUNCTION("IF($B58="""","""",IFERROR(INDEX(FILTER('1'!$CI:$CI,'1'!$CF:$CF=$A58,'1'!$A:$A=$B58),1),""""))"),7.0) -> 7 | N58: =F58 -> 6 | O58: =IFERROR(__xludf.DUMMYFUNCTION("IF($B58="""","""",IFERROR(INDEX(FILTER('1'!$CN:$CN,'1'!$CF:$CF=$A58,'1'!$A:$A=$B58),1),""""))"),0.0) -> 0 | P58: =IFERROR(__xludf.DUMMYFUNCTION("IF($B58="""","""",IFERROR(INDEX(FILTER('1'!$CO:$CO,'1'!$CF:$CF=$A58,'1'!$A:$A=$B58),1),""""))"),5.0) -> 5 | Q58: =IFERROR(__xludf.DUMMYFUNCTION("IF($B58="""","""",IFERROR(INDEX(FILTER('1'!$CQ:$CQ,'1'!$CF:$CF=$A58,'1'!$A:$A=$B58),1),""""))"),2.0) -> 2
A59: 6 | B59: 46169 | C59: =IF(B59="","",TEXT(B59,"ddd")) -> 水 | D59: =IFERROR(__xludf.DUMMYFUNCTION("IF($B59="""","""",IFERROR(INDEX(FILTER('1'!$CG:$CG,'1'!$CF:$CF=$A59,'1'!$A:$A=$B59),1),""""))"),1169.0) -> 1169 | E59: =IFERROR(__xludf.DUMMYFUNCTION("IF($B59="""","""",IFERROR(INDEX(FILTER('1'!$CI:$CI,'1'!$CF:$CF=$A59,'1'!$A:$A=$B59),1),""""))"),1.0) -> 1 | F59: =IFERROR(__xludf.DUMMYFUNCTION("IF($B59="""","""",IFERROR(INDEX(FILTER('1'!$CJ:$CJ,'1'!$CF:$CF=$A59,'1'!$A:$A=$B59),1),""""))"),1.0) -> 1 | G59: =IF(COUNT(F53:F59)=0,"",SUM(F53:F59)/7) -> 0.85714286 | H59: =IFERROR(__xludf.DUMMYFUNCTION("IF($B59="""","""",IFERROR(INDEX(FILTER('1'!$CK:$CK,'1'!$CF:$CF=$A59,'1'!$A:$A=$B59),1),""""))"),1377.0) -> 1377 | I59: =IFERROR(__xludf.DUMMYFUNCTION("IF($B59="""","""",IFERROR(INDEX(FILTER('1'!$CL:$CL,'1'!$CF:$CF=$A59,'1'!$A:$A=$B59),1),""""))"),764.0) -> 764 | J59: =IFERROR(__xludf.DUMMYFUNCTION("IF($B59="""","""",IFERROR(INDEX(FILTER('1'!$CM:$CM,'1'!$CF:$CF=$A59,'1'!$A:$A=$B59),1),""""))"),-1000.0) -> -1000 | K59: {=SUM(IFERROR(VALUE(J53:J59),0))} -> -5800 | M59: =IFERROR(__xludf.DUMMYFUNCTION("IF($B59="""","""",IFERROR(INDEX(FILTER('1'!$CI:$CI,'1'!$CF:$CF=$A59,'1'!$A:$A=$B59),1),""""))"),1.0) -> 1 | N59: =F59 -> 1 | O59: =IFERROR(__xludf.DUMMYFUNCTION("IF($B59="""","""",IFERROR(INDEX(FILTER('1'!$CN:$CN,'1'!$CF:$CF=$A59,'1'!$A:$A=$B59),1),""""))"),2.5) -> 2.5 | P59: =IFERROR(__xludf.DUMMYFUNCTION("IF($B59="""","""",IFERROR(INDEX(FILTER('1'!$CO:$CO,'1'!$CF:$CF=$A59,'1'!$A:$A=$B59),1),""""))"),2.0) -> 2 | Q59: =IFERROR(__xludf.DUMMYFUNCTION("IF($B59="""","""",IFERROR(INDEX(FILTER('1'!$CQ:$CQ,'1'!$CF:$CF=$A59,'1'!$A:$A=$B59),1),""""))"),5.5) -> 5.5
A60: 6 | B60: 46170 | C60: =IF(B60="","",TEXT(B60,"ddd")) -> 木 | D60: =IFERROR(__xludf.DUMMYFUNCTION("IF($B60="""","""",IFERROR(INDEX(FILTER('1'!$CG:$CG,'1'!$CF:$CF=$A60,'1'!$A:$A=$B60),1),""""))"),1169.0) -> 1169 | E60: =IFERROR(__xludf.DUMMYFUNCTION("IF($B60="""","""",IFERROR(INDEX(FILTER('1'!$CI:$CI,'1'!$CF:$CF=$A60,'1'!$A:$A=$B60),1),""""))"),2.0) -> 2 | H60: =IFERROR(__xludf.DUMMYFUNCTION("IF($B60="""","""",IFERROR(INDEX(FILTER('2'!$CE:$CE,'2'!$CB:$CB=$A60,'2'!$A:$A=$B60),1),""""))"),"") | I60: =IFERROR(__xludf.DUMMYFUNCTION("IF($B60="""","""",IFERROR(INDEX(FILTER('2'!$CF:$CF,'2'!$CB:$CB=$A60,'2'!$A:$A=$B60),1),""""))"),"") | J60: =IFERROR(__xludf.DUMMYFUNCTION("IF($B60="""","""",IFERROR(INDEX(FILTER('2'!$CG:$CG,'2'!$CB:$CB=$A60,'2'!$A:$A=$B60),1),""""))"),"") | M60: =IFERROR(__xludf.DUMMYFUNCTION("IF($B60="""","""",IFERROR(INDEX(FILTER('1'!$CI:$CI,'1'!$CF:$CF=$A60,'1'!$A:$A=$B60),1),""""))"),2.0) -> 2 | N60: =F60 | O60: =IFERROR(__xludf.DUMMYFUNCTION("IF($B60="""","""",IFERROR(INDEX(FILTER('1'!$CN:$CN,'1'!$CF:$CF=$A60,'1'!$A:$A=$B60),1),""""))"),"") | P60: =IFERROR(__xludf.DUMMYFUNCTION("IF($B60="""","""",IFERROR(INDEX(FILTER('1'!$CO:$CO,'1'!$CF:$CF=$A60,'1'!$A:$A=$B60),1),""""))"),"") | Q60: =IFERROR(__xludf.DUMMYFUNCTION("IF($B60="""","""",IFERROR(INDEX(FILTER('1'!$CQ:$CQ,'1'!$CF:$CF=$A60,'1'!$A:$A=$B60),1),""""))"),0.0) -> 0 | R60: =D60 -> 1169
A61: 6 | N61: =F61
A62: 6 | C62: =IF(B62="","",TEXT(B62,"ddd")) | N62: =F62
A63: 7 | B63: 46163 | C63: =IF(B63="","",TEXT(B63,"ddd")) -> 木 | D63: =IFERROR(__xludf.DUMMYFUNCTION("IF($B63="""","""",IFERROR(INDEX(FILTER('1'!$CW:$CW,'1'!$CV:$CV=$A63,'1'!$A:$A=$B63),1),""""))"),1170.0) -> 1170 | E63: =IFERROR(__xludf.DUMMYFUNCTION("IF($B63="""","""",IFERROR(INDEX(FILTER('1'!$CY:$CY,'1'!$CV:$CV=$A63,'1'!$A:$A=$B63),1),""""))"),3.0) -> 3 | F63: =IFERROR(__xludf.DUMMYFUNCTION("IF($B63="""","""",IFERROR(INDEX(FILTER('1'!$CZ:$CZ,'1'!$CV:$CV=$A63,'1'!$A:$A=$B63),1),""""))"),6.0) -> 6 | H63: =IFERROR(__xludf.DUMMYFUNCTION("IF($B63="""","""",IFERROR(INDEX(FILTER('1'!$DA:$DA,'1'!$CV:$CV=$A63,'1'!$A:$A=$B63),1),""""))"),7852.0) -> 7852 | I63: =IFERROR(__xludf.DUMMYFUNCTION("IF($B63="""","""",IFERROR(INDEX(FILTER('1'!$DB:$DB,'1'!$CV:$CV=$A63,'1'!$A:$A=$B63),1),""""))"),13365.0) -> 13365 | J63: =IFERROR(__xludf.DUMMYFUNCTION("IF($B63="""","""",IFERROR(INDEX(FILTER('1'!$DC:$DC,'1'!$CV:$CV=$A63,'1'!$A:$A=$B63),1),""""))"),11000.0) -> 11000 | M63: =IFERROR(__xludf.DUMMYFUNCTION("IF($B63="""","""",IFERROR(INDEX(FILTER('1'!$CY:$CY,'1'!$CV:$CV=$A63,'1'!$A:$A=$B63),1),""""))"),3.0) -> 3 | N63: =F63 -> 6 | O63: =IFERROR(__xludf.DUMMYFUNCTION("IF($B63="""","""",IFERROR(INDEX(FILTER('1'!$DD:$DD,'1'!$CV:$CV=$A63,'1'!$A:$A=$B63),1),""""))"),2.5) -> 2.5 | P63: =IFERROR(__xludf.DUMMYFUNCTION("IF($B63="""","""",IFERROR(INDEX(FILTER('1'!$DE:$DE,'1'!$CV:$CV=$A63,'1'!$A:$A=$B63),1),""""))"),3.0) -> 3 | Q63: =IFERROR(__xludf.DUMMYFUNCTION("IF($B63="""","""",IFERROR(INDEX(FILTER('1'!$DG:$DG,'1'!$CV:$CV=$A63,'1'!$A:$A=$B63),1),""""))"),5.0) -> 5 | R63: =IFERROR(__xludf.DUMMYFUNCTION("IF($B63="""","""",IFERROR(INDEX(FILTER('2'!$DA:$DA,'2'!$CQ:$CQ=$A63,'2'!$A:$A=$B63),1),""""))"),"")
A64: 7 | B64: 46164 | C64: =IF(B64="","",TEXT(B64,"ddd")) -> 金 | D64: =IFERROR(__xludf.DUMMYFUNCTION("IF($B64="""","""",IFERROR(INDEX(FILTER('1'!$CW:$CW,'1'!$CV:$CV=$A64,'1'!$A:$A=$B64),1),""""))"),1170.0) -> 1170 | E64: =IFERROR(__xludf.DUMMYFUNCTION("IF($B64="""","""",IFERROR(INDEX(FILTER('1'!$CY:$CY,'1'!$CV:$CV=$A64,'1'!$A:$A=$B64),1),""""))"),1.0) -> 1 | F64: =IFERROR(__xludf.DUMMYFUNCTION("IF($B64="""","""",IFERROR(INDEX(FILTER('1'!$CZ:$CZ,'1'!$CV:$CV=$A64,'1'!$A:$A=$B64),1),""""))"),-2.0) -> -2 | H64: =IFERROR(__xludf.DUMMYFUNCTION("IF($B64="""","""",IFERROR(INDEX(FILTER('1'!$DA:$DA,'1'!$CV:$CV=$A64,'1'!$A:$A=$B64),1),""""))"),3285.0) -> 3285 | I64: =IFERROR(__xludf.DUMMYFUNCTION("IF($B64="""","""",IFERROR(INDEX(FILTER('1'!$DB:$DB,'1'!$CV:$CV=$A64,'1'!$A:$A=$B64),1),""""))"),1130.0) -> 1130 | J64: =IFERROR(__xludf.DUMMYFUNCTION("IF($B64="""","""",IFERROR(INDEX(FILTER('1'!$DC:$DC,'1'!$CV:$CV=$A64,'1'!$A:$A=$B64),1),""""))"),-2300.0) -> -2300 | M64: =IFERROR(__xludf.DUMMYFUNCTION("IF($B64="""","""",IFERROR(INDEX(FILTER('1'!$CY:$CY,'1'!$CV:$CV=$A64,'1'!$A:$A=$B64),1),""""))"),1.0) -> 1 | N64: =F64 -> -2 | O64: =IFERROR(__xludf.DUMMYFUNCTION("IF($B64="""","""",IFERROR(INDEX(FILTER('1'!$DD:$DD,'1'!$CV:$CV=$A64,'1'!$A:$A=$B64),1),""""))"),3.0) -> 3 | P64: =IFERROR(__xludf.DUMMYFUNCTION("IF($B64="""","""",IFERROR(INDEX(FILTER('1'!$DE:$DE,'1'!$CV:$CV=$A64,'1'!$A:$A=$B64),1),""""))"),2.0) -> 2 | Q64: =IFERROR(__xludf.DUMMYFUNCTION("IF($B64="""","""",IFERROR(INDEX(FILTER('1'!$DG:$DG,'1'!$CV:$CV=$A64,'1'!$A:$A=$B64),1),""""))"),6.0) -> 6
A65: 7 | B65: 46165 | C65: =IF(B65="","",TEXT(B65,"ddd")) -> 土 | D65: =IFERROR(__xludf.DUMMYFUNCTION("IF($B65="""","""",IFERROR(INDEX(FILTER('1'!$CW:$CW,'1'!$CV:$CV=$A65,'1'!$A:$A=$B65),1),""""))"),1170.0) -> 1170 | E65: =IFERROR(__xludf.DUMMYFUNCTION("IF($B65="""","""",IFERROR(INDEX(FILTER('1'!$CY:$CY,'1'!$CV:$CV=$A65,'1'!$A:$A=$B65),1),""""))"),2.0) -> 2 | F65: =IFERROR(__xludf.DUMMYFUNCTION("IF($B65="""","""",IFERROR(INDEX(FILTER('1'!$CZ:$CZ,'1'!$CV:$CV=$A65,'1'!$A:$A=$B65),1),""""))"),1.0) -> 1 | H65: =IFERROR(__xludf.DUMMYFUNCTION("IF($B65="""","""",IFERROR(INDEX(FILTER('1'!$DA:$DA,'1'!$CV:$CV=$A65,'1'!$A:$A=$B65),1),""""))"),7121.0) -> 7121 | I65: =IFERROR(__xludf.DUMMYFUNCTION("IF($B65="""","""",IFERROR(INDEX(FILTER('1'!$DB:$DB,'1'!$CV:$CV=$A65,'1'!$A:$A=$B65),1),""""))"),2092.0) -> 2092 | J65: =IFERROR(__xludf.DUMMYFUNCTION("IF($B65="""","""",IFERROR(INDEX(FILTER('1'!$DC:$DC,'1'!$CV:$CV=$A65,'1'!$A:$A=$B65),1),""""))"),-2000.0) -> -2000 | M65: =IFERROR(__xludf.DUMMYFUNCTION("IF($B65="""","""",IFERROR(INDEX(FILTER('1'!$CY:$CY,'1'!$CV:$CV=$A65,'1'!$A:$A=$B65),1),""""))"),2.0) -> 2 | N65: =F65 -> 1 | O65: =IFERROR(__xludf.DUMMYFUNCTION("IF($B65="""","""",IFERROR(INDEX(FILTER('1'!$DD:$DD,'1'!$CV:$CV=$A65,'1'!$A:$A=$B65),1),""""))"),2.5) -> 2.5 | P65: =IFERROR(__xludf.DUMMYFUNCTION("IF($B65="""","""",IFERROR(INDEX(FILTER('1'!$DE:$DE,'1'!$CV:$CV=$A65,'1'!$A:$A=$B65),1),""""))"),4.0) -> 4 | Q65: =IFERROR(__xludf.DUMMYFUNCTION("IF($B65="""","""",IFERROR(INDEX(FILTER('1'!$DG:$DG,'1'!$CV:$CV=$A65,'1'!$A:$A=$B65),1),""""))"),4.5) -> 4.5
A66: 7 | B66: 46166 | C66: =IF(B66="","",TEXT(B66,"ddd")) -> 日 | D66: =IFERROR(__xludf.DUMMYFUNCTION("IF($B66="""","""",IFERROR(INDEX(FILTER('1'!$CW:$CW,'1'!$CV:$CV=$A66,'1'!$A:$A=$B66),1),""""))"),1170.0) -> 1170 | E66: =IFERROR(__xludf.DUMMYFUNCTION("IF($B66="""","""",IFERROR(INDEX(FILTER('1'!$CY:$CY,'1'!$CV:$CV=$A66,'1'!$A:$A=$B66),1),""""))"),3.0) -> 3 | F66: =IFERROR(__xludf.DUMMYFUNCTION("IF($B66="""","""",IFERROR(INDEX(FILTER('1'!$CZ:$CZ,'1'!$CV:$CV=$A66,'1'!$A:$A=$B66),1),""""))"),-3.0) -> -3 | H66: =IFERROR(__xludf.DUMMYFUNCTION("IF($B66="""","""",IFERROR(INDEX(FILTER('1'!$DA:$DA,'1'!$CV:$CV=$A66,'1'!$A:$A=$B66),1),""""))"),6099.0) -> 6099 | I66: =IFERROR(__xludf.DUMMYFUNCTION("IF($B66="""","""",IFERROR(INDEX(FILTER('1'!$DB:$DB,'1'!$CV:$CV=$A66,'1'!$A:$A=$B66),1),""""))"),729.0) -> 729 | J66: =IFERROR(__xludf.DUMMYFUNCTION("IF($B66="""","""",IFERROR(INDEX(FILTER('1'!$DC:$DC,'1'!$CV:$CV=$A66,'1'!$A:$A=$B66),1),""""))"),-6000.0) -> -6000 | M66: =IFERROR(__xludf.DUMMYFUNCTION("IF($B66="""","""",IFERROR(INDEX(FILTER('1'!$CY:$CY,'1'!$CV:$CV=$A66,'1'!$A:$A=$B66),1),""""))"),3.0) -> 3 | N66: =F66 -> -3 | O66: =IFERROR(__xludf.DUMMYFUNCTION("IF($B66="""","""",IFERROR(INDEX(FILTER('1'!$DD:$DD,'1'!$CV:$CV=$A66,'1'!$A:$A=$B66),1),""""))"),2.5) -> 2.5 | P66: =IFERROR(__xludf.DUMMYFUNCTION("IF($B66="""","""",IFERROR(INDEX(FILTER('1'!$DE:$DE,'1'!$CV:$CV=$A66,'1'!$A:$A=$B66),1),""""))"),8.0) -> 8 | Q66: =IFERROR(__xludf.DUMMYFUNCTION("IF($B66="""","""",IFERROR(INDEX(FILTER('1'!$DG:$DG,'1'!$CV:$CV=$A66,'1'!$A:$A=$B66),1),""""))"),2.5) -> 2.5
A67: 7 | B67: 46167 | C67: =IF(B67="","",TEXT(B67,"ddd")) -> 月 | D67: =IFERROR(__xludf.DUMMYFUNCTION("IF($B67="""","""",IFERROR(INDEX(FILTER('1'!$CW:$CW,'1'!$CV:$CV=$A67,'1'!$A:$A=$B67),1),""""))"),1170.0) -> 1170 | E67: =IFERROR(__xludf.DUMMYFUNCTION("IF($B67="""","""",IFERROR(INDEX(FILTER('1'!$CY:$CY,'1'!$CV:$CV=$A67,'1'!$A:$A=$B67),1),""""))"),4.0) -> 4 | F67: =IFERROR(__xludf.DUMMYFUNCTION("IF($B67="""","""",IFERROR(INDEX(FILTER('1'!$CZ:$CZ,'1'!$CV:$CV=$A67,'1'!$A:$A=$B67),1),""""))"),-1.0) -> -1 | H67: =IFERROR(__xludf.DUMMYFUNCTION("IF($B67="""","""",IFERROR(INDEX(FILTER('1'!$DA:$DA,'1'!$CV:$CV=$A67,'1'!$A:$A=$B67),1),""""))"),6092.0) -> 6092 | I67: =IFERROR(__xludf.DUMMYFUNCTION("IF($B67="""","""",IFERROR(INDEX(FILTER('1'!$DB:$DB,'1'!$CV:$CV=$A67,'1'!$A:$A=$B67),1),""""))"),1241.0) -> 1241 | J67: =IFERROR(__xludf.DUMMYFUNCTION("IF($B67="""","""",IFERROR(INDEX(FILTER('1'!$DC:$DC,'1'!$CV:$CV=$A67,'1'!$A:$A=$B67),1),""""))"),-3000.0) -> -3000 | M67: =IFERROR(__xludf.DUMMYFUNCTION("IF($B67="""","""",IFERROR(INDEX(FILTER('1'!$CY:$CY,'1'!$CV:$CV=$A67,'1'!$A:$A=$B67),1),""""))"),4.0) -> 4 | N67: =F67 -> -1 | O67: =IFERROR(__xludf.DUMMYFUNCTION("IF($B67="""","""",IFERROR(INDEX(FILTER('1'!$DD:$DD,'1'!$CV:$CV=$A67,'1'!$A:$A=$B67),1),""""))"),-1.5) -> -1.5 | P67: =IFERROR(__xludf.DUMMYFUNCTION("IF($B67="""","""",IFERROR(INDEX(FILTER('1'!$DE:$DE,'1'!$CV:$CV=$A67,'1'!$A:$A=$B67),1),""""))"),2.0) -> 2 | Q67: =IFERROR(__xludf.DUMMYFUNCTION("IF($B67="""","""",IFERROR(INDEX(FILTER('1'!$DG:$DG,'1'!$CV:$CV=$A67,'1'!$A:$A=$B67),1),""""))"),1.5) -> 1.5
A68: 7 | B68: 46168 | C68: =IF(B68="","",TEXT(B68,"ddd")) -> 火 | D68: =IFERROR(__xludf.DUMMYFUNCTION("IF($B68="""","""",IFERROR(INDEX(FILTER('1'!$CW:$CW,'1'!$CV:$CV=$A68,'1'!$A:$A=$B68),1),""""))"),1170.0) -> 1170 | E68: =IFERROR(__xludf.DUMMYFUNCTION("IF($B68="""","""",IFERROR(INDEX(FILTER('1'!$CY:$CY,'1'!$CV:$CV=$A68,'1'!$A:$A=$B68),1),""""))"),5.0) -> 5 | F68: =IFERROR(__xludf.DUMMYFUNCTION("IF($B68="""","""",IFERROR(INDEX(FILTER('1'!$CZ:$CZ,'1'!$CV:$CV=$A68,'1'!$A:$A=$B68),1),""""))"),6.0) -> 6 | H68: =IFERROR(__xludf.DUMMYFUNCTION("IF($B68="""","""",IFERROR(INDEX(FILTER('1'!$DA:$DA,'1'!$CV:$CV=$A68,'1'!$A:$A=$B68),1),""""))"),4598.0) -> 4598 | I68: =IFERROR(__xludf.DUMMYFUNCTION("IF($B68="""","""",IFERROR(INDEX(FILTER('1'!$DB:$DB,'1'!$CV:$CV=$A68,'1'!$A:$A=$B68),1),""""))"),11112.0) -> 11112 | J68: =IFERROR(__xludf.DUMMYFUNCTION("IF($B68="""","""",IFERROR(INDEX(FILTER('1'!$DC:$DC,'1'!$CV:$CV=$A68,'1'!$A:$A=$B68),1),""""))"),8100.0) -> 8100 | M68: =IFERROR(__xludf.DUMMYFUNCTION("IF($B68="""","""",IFERROR(INDEX(FILTER('1'!$CY:$CY,'1'!$CV:$CV=$A68,'1'!$A:$A=$B68),1),""""))"),5.0) -> 5 | N68: =F68 -> 6 | O68: =IFERROR(__xludf.DUMMYFUNCTION("IF($B68="""","""",IFERROR(INDEX(FILTER('1'!$DD:$DD,'1'!$CV:$CV=$A68,'1'!$A:$A=$B68),1),""""))"),-1.5) -> -1.5 | P68: =IFERROR(__xludf.DUMMYFUNCTION("IF($B68="""","""",IFERROR(INDEX(FILTER('1'!$DE:$DE,'1'!$CV:$CV=$A68,'1'!$A:$A=$B68),1),""""))"),7.0) -> 7 | Q68: =IFERROR(__xludf.DUMMYFUNCTION("IF($B68="""","""",IFERROR(INDEX(FILTER('1'!$DG:$DG,'1'!$CV:$CV=$A68,'1'!$A:$A=$B68),1),""""))"),-0.5) -> -0.5
A69: 7 | B69: 46169 | C69: =IF(B69="","",TEXT(B69,"ddd")) -> 水 | D69: =IFERROR(__xludf.DUMMYFUNCTION("IF($B69="""","""",IFERROR(INDEX(FILTER('1'!$CW:$CW,'1'!$CV:$CV=$A69,'1'!$A:$A=$B69),1),""""))"),1170.0) -> 1170 | E69: =IFERROR(__xludf.DUMMYFUNCTION("IF($B69="""","""",IFERROR(INDEX(FILTER('1'!$CY:$CY,'1'!$CV:$CV=$A69,'1'!$A:$A=$B69),1),""""))"),1.0) -> 1 | F69: =IFERROR(__xludf.DUMMYFUNCTION("IF($B69="""","""",IFERROR(INDEX(FILTER('1'!$CZ:$CZ,'1'!$CV:$CV=$A69,'1'!$A:$A=$B69),1),""""))"),-1.0) -> -1 | G69: =IF(COUNT(F63:F69)=0,"",SUM(F63:F69)/7) -> 0.85714286 | H69: =IFERROR(__xludf.DUMMYFUNCTION("IF($B69="""","""",IFERROR(INDEX(FILTER('1'!$DA:$DA,'1'!$CV:$CV=$A69,'1'!$A:$A=$B69),1),""""))"),4572.0) -> 4572 | I69: =IFERROR(__xludf.DUMMYFUNCTION("IF($B69="""","""",IFERROR(INDEX(FILTER('1'!$DB:$DB,'1'!$CV:$CV=$A69,'1'!$A:$A=$B69),1),""""))"),1354.0) -> 1354 | J69: =IFERROR(__xludf.DUMMYFUNCTION("IF($B69="""","""",IFERROR(INDEX(FILTER('1'!$DC:$DC,'1'!$CV:$CV=$A69,'1'!$A:$A=$B69),1),""""))"),-2500.0) -> -2500 | K69: {=SUM(IFERROR(VALUE(J63:J69),0))} -> 3300 | M69: =IFERROR(__xludf.DUMMYFUNCTION("IF($B69="""","""",IFERROR(INDEX(FILTER('1'!$CY:$CY,'1'!$CV:$CV=$A69,'1'!$A:$A=$B69),1),""""))"),1.0) -> 1 | N69: =F69 -> -1 | O69: =IFERROR(__xludf.DUMMYFUNCTION("IF($B69="""","""",IFERROR(INDEX(FILTER('1'!$DD:$DD,'1'!$CV:$CV=$A69,'1'!$A:$A=$B69),1),""""))"),3.0) -> 3 | P69: =IFERROR(__xludf.DUMMYFUNCTION("IF($B69="""","""",IFERROR(INDEX(FILTER('1'!$DE:$DE,'1'!$CV:$CV=$A69,'1'!$A:$A=$B69),1),""""))"),5.0) -> 5 | Q69: =IFERROR(__xludf.DUMMYFUNCTION("IF($B69="""","""",IFERROR(INDEX(FILTER('1'!$DG:$DG,'1'!$CV:$CV=$A69,'1'!$A:$A=$B69),1),""""))"),5.0) -> 5
A70: 7 | B70: 46170 | C70: =IF(B70="","",TEXT(B70,"ddd")) -> 木 | D70: =IFERROR(__xludf.DUMMYFUNCTION("IF($B70="""","""",IFERROR(INDEX(FILTER('1'!$CW:$CW,'1'!$CV:$CV=$A70,'1'!$A:$A=$B70),1),""""))"),1170.0) -> 1170 | E70: =IFERROR(__xludf.DUMMYFUNCTION("IF($B70="""","""",IFERROR(INDEX(FILTER('1'!$CY:$CY,'1'!$CV:$CV=$A70,'1'!$A:$A=$B70),1),""""))"),2.0) -> 2 | H70: =IFERROR(__xludf.DUMMYFUNCTION("IF($B70="""","""",IFERROR(INDEX(FILTER('2'!$CT:$CT,'2'!$CQ:$CQ=$A70,'2'!$A:$A=$B70),1),""""))"),"") | I70: =IFERROR(__xludf.DUMMYFUNCTION("IF($B70="""","""",IFERROR(INDEX(FILTER('2'!$CU:$CU,'2'!$CQ:$CQ=$A70,'2'!$A:$A=$B70),1),""""))"),"") | J70: =IFERROR(__xludf.DUMMYFUNCTION("IF($B70="""","""",IFERROR(INDEX(FILTER('2'!$CV:$CV,'2'!$CQ:$CQ=$A70,'2'!$A:$A=$B70),1),""""))"),"") | M70: =IFERROR(__xludf.DUMMYFUNCTION("IF($B70="""","""",IFERROR(INDEX(FILTER('1'!$CY:$CY,'1'!$CV:$CV=$A70,'1'!$A:$A=$B70),1),""""))"),2.0) -> 2 | N70: =F70 | O70: =IFERROR(__xludf.DUMMYFUNCTION("IF($B70="""","""",IFERROR(INDEX(FILTER('1'!$DD:$DD,'1'!$CV:$CV=$A70,'1'!$A:$A=$B70),1),""""))"),"") | P70: =IFERROR(__xludf.DUMMYFUNCTION("IF($B70="""","""",IFERROR(INDEX(FILTER('1'!$DE:$DE,'1'!$CV:$CV=$A70,'1'!$A:$A=$B70),1),""""))"),"") | Q70: =IFERROR(__xludf.DUMMYFUNCTION("IF($B70="""","""",IFERROR(INDEX(FILTER('1'!$DG:$DG,'1'!$CV:$CV=$A70,'1'!$A:$A=$B70),1),""""))"),0.0) -> 0 | R70: =D70 -> 1170
A71: 7 | N71: =F71
A72: 7 | C72: =IF(B72="","",TEXT(B72,"ddd")) | N72: =F72
A73: 8 | B73: 46163 | C73: =IF(B73="","",TEXT(B73,"ddd")) -> 木 | D73: =IFERROR(__xludf.DUMMYFUNCTION("IF($B73="""","""",IFERROR(INDEX(FILTER('1'!$DM:$DM,'1'!$DL:$DL=$A73,'1'!$A:$A=$B73),1),""""))"),1171.0) -> 1171 | E73: =IFERROR(__xludf.DUMMYFUNCTION("IF($B73="""","""",IFERROR(INDEX(FILTER('1'!$DO:$DO,'1'!$DL:$DL=$A73,'1'!$A:$A=$B73),1),""""))"),3.0) -> 3 | F73: =IFERROR(__xludf.DUMMYFUNCTION("IF($B73="""","""",IFERROR(INDEX(FILTER('1'!$DP:$DP,'1'!$DL:$DL=$A73,'1'!$A:$A=$B73),1),""""))"),-2.0) -> -2 | H73: =IFERROR(__xludf.DUMMYFUNCTION("IF($B73="""","""",IFERROR(INDEX(FILTER('1'!$DQ:$DQ,'1'!$DL:$DL=$A73,'1'!$A:$A=$B73),1),""""))"),4837.0) -> 4837 | I73: =IFERROR(__xludf.DUMMYFUNCTION("IF($B73="""","""",IFERROR(INDEX(FILTER('1'!$DR:$DR,'1'!$DL:$DL=$A73,'1'!$A:$A=$B73),1),""""))"),1236.0) -> 1236 | J73: =IFERROR(__xludf.DUMMYFUNCTION("IF($B73="""","""",IFERROR(INDEX(FILTER('1'!$DS:$DS,'1'!$DL:$DL=$A73,'1'!$A:$A=$B73),1),""""))"),-4000.0) -> -4000 | M73: =IFERROR(__xludf.DUMMYFUNCTION("IF($B73="""","""",IFERROR(INDEX(FILTER('1'!$DO:$DO,'1'!$DL:$DL=$A73,'1'!$A:$A=$B73),1),""""))"),3.0) -> 3 | N73: =F73 -> -2 | O73: =IFERROR(__xludf.DUMMYFUNCTION("IF($B73="""","""",IFERROR(INDEX(FILTER('1'!$DT:$DT,'1'!$DL:$DL=$A73,'1'!$A:$A=$B73),1),""""))"),1.5) -> 1.5 | P73: =IFERROR(__xludf.DUMMYFUNCTION("IF($B73="""","""",IFERROR(INDEX(FILTER('1'!$DU:$DU,'1'!$DL:$DL=$A73,'1'!$A:$A=$B73),1),""""))"),2.0) -> 2 | Q73: =IFERROR(__xludf.DUMMYFUNCTION("IF($B73="""","""",IFERROR(INDEX(FILTER('1'!$DW:$DW,'1'!$DL:$DL=$A73,'1'!$A:$A=$B73),1),""""))"),4.5) -> 4.5
A74: 8 | B74: 46164 | C74: =IF(B74="","",TEXT(B74,"ddd")) -> 金 | D74: =IFERROR(__xludf.DUMMYFUNCTION("IF($B74="""","""",IFERROR(INDEX(FILTER('1'!$DM:$DM,'1'!$DL:$DL=$A74,'1'!$A:$A=$B74),1),""""))"),1171.0) -> 1171 | E74: =IFERROR(__xludf.DUMMYFUNCTION("IF($B74="""","""",IFERROR(INDEX(FILTER('1'!$DO:$DO,'1'!$DL:$DL=$A74,'1'!$A:$A=$B74),1),""""))"),4.0) -> 4 | F74: =IFERROR(__xludf.DUMMYFUNCTION("IF($B74="""","""",IFERROR(INDEX(FILTER('1'!$DP:$DP,'1'!$DL:$DL=$A74,'1'!$A:$A=$B74),1),""""))"),2.0) -> 2 | H74: =IFERROR(__xludf.DUMMYFUNCTION("IF($B74="""","""",IFERROR(INDEX(FILTER('1'!$DQ:$DQ,'1'!$DL:$DL=$A74,'1'!$A:$A=$B74),1),""""))"),6463.0) -> 6463 | I74: =IFERROR(__xludf.DUMMYFUNCTION("IF($B74="""","""",IFERROR(INDEX(FILTER('1'!$DR:$DR,'1'!$DL:$DL=$A74,'1'!$A:$A=$B74),1),""""))"),3339.0) -> 3339 | J74: =IFERROR(__xludf.DUMMYFUNCTION("IF($B74="""","""",IFERROR(INDEX(FILTER('1'!$DS:$DS,'1'!$DL:$DL=$A74,'1'!$A:$A=$B74),1),""""))"),-1300.0) -> -1300 | M74: =IFERROR(__xludf.DUMMYFUNCTION("IF($B74="""","""",IFERROR(INDEX(FILTER('1'!$DO:$DO,'1'!$DL:$DL=$A74,'1'!$A:$A=$B74),1),""""))"),4.0) -> 4 | N74: =F74 -> 2 | O74: =IFERROR(__xludf.DUMMYFUNCTION("IF($B74="""","""",IFERROR(INDEX(FILTER('1'!$DT:$DT,'1'!$DL:$DL=$A74,'1'!$A:$A=$B74),1),""""))"),-1.0) -> -1 | P74: =IFERROR(__xludf.DUMMYFUNCTION("IF($B74="""","""",IFERROR(INDEX(FILTER('1'!$DU:$DU,'1'!$DL:$DL=$A74,'1'!$A:$A=$B74),1),""""))"),7.0) -> 7 | Q74: =IFERROR(__xludf.DUMMYFUNCTION("IF($B74="""","""",IFERROR(INDEX(FILTER('1'!$DW:$DW,'1'!$DL:$DL=$A74,'1'!$A:$A=$B74),1),""""))"),0.0) -> 0
A75: 8 | B75: 46165 | C75: =IF(B75="","",TEXT(B75,"ddd")) -> 土 | D75: =IFERROR(__xludf.DUMMYFUNCTION("IF($B75="""","""",IFERROR(INDEX(FILTER('1'!$DM:$DM,'1'!$DL:$DL=$A75,'1'!$A:$A=$B75),1),""""))"),1171.0) -> 1171 | E75: =IFERROR(__xludf.DUMMYFUNCTION("IF($B75="""","""",IFERROR(INDEX(FILTER('1'!$DO:$DO,'1'!$DL:$DL=$A75,'1'!$A:$A=$B75),1),""""))"),5.0) -> 5 | F75: =IFERROR(__xludf.DUMMYFUNCTION("IF($B75="""","""",IFERROR(INDEX(FILTER('1'!$DP:$DP,'1'!$DL:$DL=$A75,'1'!$A:$A=$B75),1),""""))"),3.0) -> 3 | H75: =IFERROR(__xludf.DUMMYFUNCTION("IF($B75="""","""",IFERROR(INDEX(FILTER('1'!$DQ:$DQ,'1'!$DL:$DL=$A75,'1'!$A:$A=$B75),1),""""))"),5887.0) -> 5887 | I75: =IFERROR(__xludf.DUMMYFUNCTION("IF($B75="""","""",IFERROR(INDEX(FILTER('1'!$DR:$DR,'1'!$DL:$DL=$A75,'1'!$A:$A=$B75),1),""""))"),4683.0) -> 4683 | J75: =IFERROR(__xludf.DUMMYFUNCTION("IF($B75="""","""",IFERROR(INDEX(FILTER('1'!$DS:$DS,'1'!$DL:$DL=$A75,'1'!$A:$A=$B75),1),""""))"),1000.0) -> 1000 | M75: =IFERROR(__xludf.DUMMYFUNCTION("IF($B75="""","""",IFERROR(INDEX(FILTER('1'!$DO:$DO,'1'!$DL:$DL=$A75,'1'!$A:$A=$B75),1),""""))"),5.0) -> 5 | N75: =F75 -> 3 | O75: =IFERROR(__xludf.DUMMYFUNCTION("IF($B75="""","""",IFERROR(INDEX(FILTER('1'!$DT:$DT,'1'!$DL:$DL=$A75,'1'!$A:$A=$B75),1),""""))"),1.5) -> 1.5 | P75: =IFERROR(__xludf.DUMMYFUNCTION("IF($B75="""","""",IFERROR(INDEX(FILTER('1'!$DU:$DU,'1'!$DL:$DL=$A75,'1'!$A:$A=$B75),1),""""))"),5.0) -> 5 | Q75: =IFERROR(__xludf.DUMMYFUNCTION("IF($B75="""","""",IFERROR(INDEX(FILTER('1'!$DW:$DW,'1'!$DL:$DL=$A75,'1'!$A:$A=$B75),1),""""))"),3.5) -> 3.5
A76: 8 | B76: 46166 | C76: =IF(B76="","",TEXT(B76,"ddd")) -> 日 | D76: =IFERROR(__xludf.DUMMYFUNCTION("IF($B76="""","""",IFERROR(INDEX(FILTER('1'!$DM:$DM,'1'!$DL:$DL=$A76,'1'!$A:$A=$B76),1),""""))"),1171.0) -> 1171 | E76: =IFERROR(__xludf.DUMMYFUNCTION("IF($B76="""","""",IFERROR(INDEX(FILTER('1'!$DO:$DO,'1'!$DL:$DL=$A76,'1'!$A:$A=$B76),1),""""))"),6.0) -> 6 | F76: =IFERROR(__xludf.DUMMYFUNCTION("IF($B76="""","""",IFERROR(INDEX(FILTER('1'!$DP:$DP,'1'!$DL:$DL=$A76,'1'!$A:$A=$B76),1),""""))"),4.0) -> 4 | H76: =IFERROR(__xludf.DUMMYFUNCTION("IF($B76="""","""",IFERROR(INDEX(FILTER('1'!$DQ:$DQ,'1'!$DL:$DL=$A76,'1'!$A:$A=$B76),1),""""))"),7770.0) -> 7770 | I76: =IFERROR(__xludf.DUMMYFUNCTION("IF($B76="""","""",IFERROR(INDEX(FILTER('1'!$DR:$DR,'1'!$DL:$DL=$A76,'1'!$A:$A=$B76),1),""""))"),4587.0) -> 4587 | J76: =IFERROR(__xludf.DUMMYFUNCTION("IF($B76="""","""",IFERROR(INDEX(FILTER('1'!$DS:$DS,'1'!$DL:$DL=$A76,'1'!$A:$A=$B76),1),""""))"),3000.0) -> 3000 | M76: =IFERROR(__xludf.DUMMYFUNCTION("IF($B76="""","""",IFERROR(INDEX(FILTER('1'!$DO:$DO,'1'!$DL:$DL=$A76,'1'!$A:$A=$B76),1),""""))"),6.0) -> 6 | N76: =F76 -> 4 | O76: =IFERROR(__xludf.DUMMYFUNCTION("IF($B76="""","""",IFERROR(INDEX(FILTER('1'!$DT:$DT,'1'!$DL:$DL=$A76,'1'!$A:$A=$B76),1),""""))"),3.0) -> 3 | P76: =IFERROR(__xludf.DUMMYFUNCTION("IF($B76="""","""",IFERROR(INDEX(FILTER('1'!$DU:$DU,'1'!$DL:$DL=$A76,'1'!$A:$A=$B76),1),""""))"),10.0) -> 10 | Q76: =IFERROR(__xludf.DUMMYFUNCTION("IF($B76="""","""",IFERROR(INDEX(FILTER('1'!$DW:$DW,'1'!$DL:$DL=$A76,'1'!$A:$A=$B76),1),""""))"),2.0) -> 2
A77: 8 | B77: 46167 | C77: =IF(B77="","",TEXT(B77,"ddd")) -> 月 | D77: =IFERROR(__xludf.DUMMYFUNCTION("IF($B77="""","""",IFERROR(INDEX(FILTER('1'!$DM:$DM,'1'!$DL:$DL=$A77,'1'!$A:$A=$B77),1),""""))"),1171.0) -> 1171 | E77: =IFERROR(__xludf.DUMMYFUNCTION("IF($B77="""","""",IFERROR(INDEX(FILTER('1'!$DO:$DO,'1'!$DL:$DL=$A77,'1'!$A:$A=$B77),1),""""))"),1.0) -> 1 | F77: =IFERROR(__xludf.DUMMYFUNCTION("IF($B77="""","""",IFERROR(INDEX(FILTER('1'!$DP:$DP,'1'!$DL:$DL=$A77,'1'!$A:$A=$B77),1),""""))"),3.0) -> 3 | H77: =IFERROR(__xludf.DUMMYFUNCTION("IF($B77="""","""",IFERROR(INDEX(FILTER('1'!$DQ:$DQ,'1'!$DL:$DL=$A77,'1'!$A:$A=$B77),1),""""))"),6903.0) -> 6903 | I77: =IFERROR(__xludf.DUMMYFUNCTION("IF($B77="""","""",IFERROR(INDEX(FILTER('1'!$DR:$DR,'1'!$DL:$DL=$A77,'1'!$A:$A=$B77),1),""""))"),4385.0) -> 4385 | J77: =IFERROR(__xludf.DUMMYFUNCTION("IF($B77="""","""",IFERROR(INDEX(FILTER('1'!$DS:$DS,'1'!$DL:$DL=$A77,'1'!$A:$A=$B77),1),""""))"),0.0) -> 0 | M77: =IFERROR(__xludf.DUMMYFUNCTION("IF($B77="""","""",IFERROR(INDEX(FILTER('1'!$DO:$DO,'1'!$DL:$DL=$A77,'1'!$A:$A=$B77),1),""""))"),1.0) -> 1 | N77: =F77 -> 3 | O77: =IFERROR(__xludf.DUMMYFUNCTION("IF($B77="""","""",IFERROR(INDEX(FILTER('1'!$DT:$DT,'1'!$DL:$DL=$A77,'1'!$A:$A=$B77),1),""""))"),3.0) -> 3 | P77: =IFERROR(__xludf.DUMMYFUNCTION("IF($B77="""","""",IFERROR(INDEX(FILTER('1'!$DU:$DU,'1'!$DL:$DL=$A77,'1'!$A:$A=$B77),1),""""))"),6.0) -> 6 | Q77: =IFERROR(__xludf.DUMMYFUNCTION("IF($B77="""","""",IFERROR(INDEX(FILTER('1'!$DW:$DW,'1'!$DL:$DL=$A77,'1'!$A:$A=$B77),1),""""))"),4.0) -> 4
A78: 8 | B78: 46168 | C78: =IF(B78="","",TEXT(B78,"ddd")) -> 火 | D78: =IFERROR(__xludf.DUMMYFUNCTION("IF($B78="""","""",IFERROR(INDEX(FILTER('1'!$DM:$DM,'1'!$DL:$DL=$A78,'1'!$A:$A=$B78),1),""""))"),1171.0) -> 1171 | E78: =IFERROR(__xludf.DUMMYFUNCTION("IF($B78="""","""",IFERROR(INDEX(FILTER('1'!$DO:$DO,'1'!$DL:$DL=$A78,'1'!$A:$A=$B78),1),""""))"),2.0) -> 2 | F78: =IFERROR(__xludf.DUMMYFUNCTION("IF($B78="""","""",IFERROR(INDEX(FILTER('1'!$DP:$DP,'1'!$DL:$DL=$A78,'1'!$A:$A=$B78),1),""""))"),4.0) -> 4 | H78: =IFERROR(__xludf.DUMMYFUNCTION("IF($B78="""","""",IFERROR(INDEX(FILTER('1'!$DQ:$DQ,'1'!$DL:$DL=$A78,'1'!$A:$A=$B78),1),""""))"),8320.0) -> 8320 | I78: =IFERROR(__xludf.DUMMYFUNCTION("IF($B78="""","""",IFERROR(INDEX(FILTER('1'!$DR:$DR,'1'!$DL:$DL=$A78,'1'!$A:$A=$B78),1),""""))"),6275.0) -> 6275 | J78: =IFERROR(__xludf.DUMMYFUNCTION("IF($B78="""","""",IFERROR(INDEX(FILTER('1'!$DS:$DS,'1'!$DL:$DL=$A78,'1'!$A:$A=$B78),1),""""))"),3100.0) -> 3100 | M78: =IFERROR(__xludf.DUMMYFUNCTION("IF($B78="""","""",IFERROR(INDEX(FILTER('1'!$DO:$DO,'1'!$DL:$DL=$A78,'1'!$A:$A=$B78),1),""""))"),2.0) -> 2 | N78: =F78 -> 4 | O78: =IFERROR(__xludf.DUMMYFUNCTION("IF($B78="""","""",IFERROR(INDEX(FILTER('1'!$DT:$DT,'1'!$DL:$DL=$A78,'1'!$A:$A=$B78),1),""""))"),1.5) -> 1.5 | P78: =IFERROR(__xludf.DUMMYFUNCTION("IF($B78="""","""",IFERROR(INDEX(FILTER('1'!$DU:$DU,'1'!$DL:$DL=$A78,'1'!$A:$A=$B78),1),""""))"),4.0) -> 4 | Q78: =IFERROR(__xludf.DUMMYFUNCTION("IF($B78="""","""",IFERROR(INDEX(FILTER('1'!$DW:$DW,'1'!$DL:$DL=$A78,'1'!$A:$A=$B78),1),""""))"),3.5) -> 3.5
A79: 8 | B79: 46169 | C79: =IF(B79="","",TEXT(B79,"ddd")) -> 水 | D79: =IFERROR(__xludf.DUMMYFUNCTION("IF($B79="""","""",IFERROR(INDEX(FILTER('1'!$DM:$DM,'1'!$DL:$DL=$A79,'1'!$A:$A=$B79),1),""""))"),1171.0) -> 1171 | E79: =IFERROR(__xludf.DUMMYFUNCTION("IF($B79="""","""",IFERROR(INDEX(FILTER('1'!$DO:$DO,'1'!$DL:$DL=$A79,'1'!$A:$A=$B79),1),""""))"),1.0) -> 1 | F79: =IFERROR(__xludf.DUMMYFUNCTION("IF($B79="""","""",IFERROR(INDEX(FILTER('1'!$DP:$DP,'1'!$DL:$DL=$A79,'1'!$A:$A=$B79),1),""""))"),1.0) -> 1 | G79: =IF(COUNT(F73:F79)=0,"",SUM(F73:F79)/7) -> 2.1428571 | H79: =IFERROR(__xludf.DUMMYFUNCTION("IF($B79="""","""",IFERROR(INDEX(FILTER('1'!$DQ:$DQ,'1'!$DL:$DL=$A79,'1'!$A:$A=$B79),1),""""))"),5451.0) -> 5451 | I79: =IFERROR(__xludf.DUMMYFUNCTION("IF($B79="""","""",IFERROR(INDEX(FILTER('1'!$DR:$DR,'1'!$DL:$DL=$A79,'1'!$A:$A=$B79),1),""""))"),1997.0) -> 1997 | J79: =IFERROR(__xludf.DUMMYFUNCTION("IF($B79="""","""",IFERROR(INDEX(FILTER('1'!$DS:$DS,'1'!$DL:$DL=$A79,'1'!$A:$A=$B79),1),""""))"),-1200.0) -> -1200 | K79: {=SUM(IFERROR(VALUE(J73:J79),0))} -> 600 | M79: =IFERROR(__xludf.DUMMYFUNCTION("IF($B79="""","""",IFERROR(INDEX(FILTER('1'!$DO:$DO,'1'!$DL:$DL=$A79,'1'!$A:$A=$B79),1),""""))"),1.0) -> 1 | N79: =F79 -> 1 | O79: =IFERROR(__xludf.DUMMYFUNCTION("IF($B79="""","""",IFERROR(INDEX(FILTER('1'!$DT:$DT,'1'!$DL:$DL=$A79,'1'!$A:$A=$B79),1),""""))"),4.5) -> 4.5 | P79: =IFERROR(__xludf.DUMMYFUNCTION("IF($B79="""","""",IFERROR(INDEX(FILTER('1'!$DU:$DU,'1'!$DL:$DL=$A79,'1'!$A:$A=$B79),1),""""))"),3.0) -> 3 | Q79: =IFERROR(__xludf.DUMMYFUNCTION("IF($B79="""","""",IFERROR(INDEX(FILTER('1'!$DW:$DW,'1'!$DL:$DL=$A79,'1'!$A:$A=$B79),1),""""))"),7.0) -> 7
A80: 8 | B80: 46170 | C80: =IF(B80="","",TEXT(B80,"ddd")) -> 木 | D80: =IFERROR(__xludf.DUMMYFUNCTION("IF($B80="""","""",IFERROR(INDEX(FILTER('1'!$DM:$DM,'1'!$DL:$DL=$A80,'1'!$A:$A=$B80),1),""""))"),1171.0) -> 1171 | E80: =IFERROR(__xludf.DUMMYFUNCTION("IF($B80="""","""",IFERROR(INDEX(FILTER('1'!$DO:$DO,'1'!$DL:$DL=$A80,'1'!$A:$A=$B80),1),""""))"),2.0) -> 2 | H80: =IFERROR(__xludf.DUMMYFUNCTION("IF($B80="""","""",IFERROR(INDEX(FILTER('2'!$DI:$DI,'2'!$DF:$DF=$A80,'2'!$A:$A=$B80),1),""""))"),"") | I80: =IFERROR(__xludf.DUMMYFUNCTION("IF($B80="""","""",IFERROR(INDEX(FILTER('2'!$DJ:$DJ,'2'!$DF:$DF=$A80,'2'!$A:$A=$B80),1),""""))"),"") | J80: =IFERROR(__xludf.DUMMYFUNCTION("IF($B80="""","""",IFERROR(INDEX(FILTER('2'!$DK:$DK,'2'!$DF:$DF=$A80,'2'!$A:$A=$B80),1),""""))"),"") | M80: =IFERROR(__xludf.DUMMYFUNCTION("IF($B80="""","""",IFERROR(INDEX(FILTER('1'!$DO:$DO,'1'!$DL:$DL=$A80,'1'!$A:$A=$B80),1),""""))"),2.0) -> 2 | N80: =F80 | O80: =IFERROR(__xludf.DUMMYFUNCTION("IF($B80="""","""",IFERROR(INDEX(FILTER('1'!$DT:$DT,'1'!$DL:$DL=$A80,'1'!$A:$A=$B80),1),""""))"),"") | P80: =IFERROR(__xludf.DUMMYFUNCTION("IF($B80="""","""",IFERROR(INDEX(FILTER('1'!$DU:$DU,'1'!$DL:$DL=$A80,'1'!$A:$A=$B80),1),""""))"),"") | Q80: =IFERROR(__xludf.DUMMYFUNCTION("IF($B80="""","""",IFERROR(INDEX(FILTER('1'!$DW:$DW,'1'!$DL:$DL=$A80,'1'!$A:$A=$B80),1),""""))"),0.0) -> 0 | R80: =D80 -> 1171
A81: 8 | C81: =IF(B81="","",TEXT(B81,"ddd")) | N81: =F81
A82: 8 | N82: =F82
A83: 9 | B83: 46163 | C83: =IF(B83="","",TEXT(B83,"ddd")) -> 木 | D83: =IFERROR(__xludf.DUMMYFUNCTION("IF($B83="""","""",IFERROR(INDEX(FILTER('1'!$EC:$EC,'1'!$EB:$EB=$A83,'1'!$A:$A=$B83),1),""""))"),1172.0) -> 1172 | E83: =IFERROR(__xludf.DUMMYFUNCTION("IF($B83="""","""",IFERROR(INDEX(FILTER('1'!$EE:$EE,'1'!$EB:$EB=$A83,'1'!$A:$A=$B83),1),""""))"),2.0) -> 2 | F83: =IFERROR(__xludf.DUMMYFUNCTION("IF($B83="""","""",IFERROR(INDEX(FILTER('1'!$EF:$EF,'1'!$EB:$EB=$A83,'1'!$A:$A=$B83),1),""""))"),1.0) -> 1 | H83: =IFERROR(__xludf.DUMMYFUNCTION("IF($B83="""","""",IFERROR(INDEX(FILTER('1'!$EG:$EG,'1'!$EB:$EB=$A83,'1'!$A:$A=$B83),1),""""))"),2162.0) -> 2162 | I83: =IFERROR(__xludf.DUMMYFUNCTION("IF($B83="""","""",IFERROR(INDEX(FILTER('1'!$EH:$EH,'1'!$EB:$EB=$A83,'1'!$A:$A=$B83),1),""""))"),401.0) -> 401 | J83: =IFERROR(__xludf.DUMMYFUNCTION("IF($B83="""","""",IFERROR(INDEX(FILTER('1'!$EI:$EI,'1'!$EB:$EB=$A83,'1'!$A:$A=$B83),1),""""))"),-1900.0) -> -1900 | M83: =IFERROR(__xludf.DUMMYFUNCTION("IF($B83="""","""",IFERROR(INDEX(FILTER('1'!$EE:$EE,'1'!$EB:$EB=$A83,'1'!$A:$A=$B83),1),""""))"),2.0) -> 2 | N83: =F83 -> 1 | O83: =IFERROR(__xludf.DUMMYFUNCTION("IF($B83="""","""",IFERROR(INDEX(FILTER('1'!$EJ:$EJ,'1'!$EB:$EB=$A83,'1'!$A:$A=$B83),1),""""))"),2.0) -> 2 | P83: =IFERROR(__xludf.DUMMYFUNCTION("IF($B83="""","""",IFERROR(INDEX(FILTER('1'!$EK:$EK,'1'!$EB:$EB=$A83,'1'!$A:$A=$B83),1),""""))"),14.0) -> 14 | Q83: =IFERROR(__xludf.DUMMYFUNCTION("IF($B83="""","""",IFERROR(INDEX(FILTER('1'!$EM:$EM,'1'!$EB:$EB=$A83,'1'!$A:$A=$B83),1),""""))"),0.0) -> 0
A84: 9 | B84: 46164 | C84: =IF(B84="","",TEXT(B84,"ddd")) -> 金 | D84: =IFERROR(__xludf.DUMMYFUNCTION("IF($B84="""","""",IFERROR(INDEX(FILTER('1'!$EC:$EC,'1'!$EB:$EB=$A84,'1'!$A:$A=$B84),1),""""))"),1172.0) -> 1172 | E84: =IFERROR(__xludf.DUMMYFUNCTION("IF($B84="""","""",IFERROR(INDEX(FILTER('1'!$EE:$EE,'1'!$EB:$EB=$A84,'1'!$A:$A=$B84),1),""""))"),3.0) -> 3 | F84: =IFERROR(__xludf.DUMMYFUNCTION("IF($B84="""","""",IFERROR(INDEX(FILTER('1'!$EF:$EF,'1'!$EB:$EB=$A84,'1'!$A:$A=$B84),1),""""))"),1.0) -> 1 | H84: =IFERROR(__xludf.DUMMYFUNCTION("IF($B84="""","""",IFERROR(INDEX(FILTER('1'!$EG:$EG,'1'!$EB:$EB=$A84,'1'!$A:$A=$B84),1),""""))"),5116.0) -> 5116 | I84: =IFERROR(__xludf.DUMMYFUNCTION("IF($B84="""","""",IFERROR(INDEX(FILTER('1'!$EH:$EH,'1'!$EB:$EB=$A84,'1'!$A:$A=$B84),1),""""))"),1221.0) -> 1221 | J84: =IFERROR(__xludf.DUMMYFUNCTION("IF($B84="""","""",IFERROR(INDEX(FILTER('1'!$EI:$EI,'1'!$EB:$EB=$A84,'1'!$A:$A=$B84),1),""""))"),-1500.0) -> -1500 | M84: =IFERROR(__xludf.DUMMYFUNCTION("IF($B84="""","""",IFERROR(INDEX(FILTER('1'!$EE:$EE,'1'!$EB:$EB=$A84,'1'!$A:$A=$B84),1),""""))"),3.0) -> 3 | N84: =F84 -> 1 | O84: =IFERROR(__xludf.DUMMYFUNCTION("IF($B84="""","""",IFERROR(INDEX(FILTER('1'!$EJ:$EJ,'1'!$EB:$EB=$A84,'1'!$A:$A=$B84),1),""""))"),0.5) -> 0.5 | P84: =IFERROR(__xludf.DUMMYFUNCTION("IF($B84="""","""",IFERROR(INDEX(FILTER('1'!$EK:$EK,'1'!$EB:$EB=$A84,'1'!$A:$A=$B84),1),""""))"),14.0) -> 14 | Q84: =IFERROR(__xludf.DUMMYFUNCTION("IF($B84="""","""",IFERROR(INDEX(FILTER('1'!$EM:$EM,'1'!$EB:$EB=$A84,'1'!$A:$A=$B84),1),""""))"),-1.5) -> -1.5
A85: 9 | B85: 46165 | C85: =IF(B85="","",TEXT(B85,"ddd")) -> 土 | D85: =IFERROR(__xludf.DUMMYFUNCTION("IF($B85="""","""",IFERROR(INDEX(FILTER('1'!$EC:$EC,'1'!$EB:$EB=$A85,'1'!$A:$A=$B85),1),""""))"),1172.0) -> 1172 | E85: =IFERROR(__xludf.DUMMYFUNCTION("IF($B85="""","""",IFERROR(INDEX(FILTER('1'!$EE:$EE,'1'!$EB:$EB=$A85,'1'!$A:$A=$B85),1),""""))"),4.0) -> 4 | F85: =IFERROR(__xludf.DUMMYFUNCTION("IF($B85="""","""",IFERROR(INDEX(FILTER('1'!$EF:$EF,'1'!$EB:$EB=$A85,'1'!$A:$A=$B85),1),""""))"),5.0) -> 5 | H85: =IFERROR(__xludf.DUMMYFUNCTION("IF($B85="""","""",IFERROR(INDEX(FILTER('1'!$EG:$EG,'1'!$EB:$EB=$A85,'1'!$A:$A=$B85),1),""""))"),6165.0) -> 6165 | I85: =IFERROR(__xludf.DUMMYFUNCTION("IF($B85="""","""",IFERROR(INDEX(FILTER('1'!$EH:$EH,'1'!$EB:$EB=$A85,'1'!$A:$A=$B85),1),""""))"),7218.0) -> 7218 | J85: =IFERROR(__xludf.DUMMYFUNCTION("IF($B85="""","""",IFERROR(INDEX(FILTER('1'!$EI:$EI,'1'!$EB:$EB=$A85,'1'!$A:$A=$B85),1),""""))"),4900.0) -> 4900 | M85: =IFERROR(__xludf.DUMMYFUNCTION("IF($B85="""","""",IFERROR(INDEX(FILTER('1'!$EE:$EE,'1'!$EB:$EB=$A85,'1'!$A:$A=$B85),1),""""))"),4.0) -> 4 | N85: =F85 -> 5 | O85: =IFERROR(__xludf.DUMMYFUNCTION("IF($B85="""","""",IFERROR(INDEX(FILTER('1'!$EJ:$EJ,'1'!$EB:$EB=$A85,'1'!$A:$A=$B85),1),""""))"),0.0) -> 0 | P85: =IFERROR(__xludf.DUMMYFUNCTION("IF($B85="""","""",IFERROR(INDEX(FILTER('1'!$EK:$EK,'1'!$EB:$EB=$A85,'1'!$A:$A=$B85),1),""""))"),14.0) -> 14 | Q85: =IFERROR(__xludf.DUMMYFUNCTION("IF($B85="""","""",IFERROR(INDEX(FILTER('1'!$EM:$EM,'1'!$EB:$EB=$A85,'1'!$A:$A=$B85),1),""""))"),-2.0) -> -2
A86: 9 | B86: 46166 | C86: =IF(B86="","",TEXT(B86,"ddd")) -> 日 | D86: =IFERROR(__xludf.DUMMYFUNCTION("IF($B86="""","""",IFERROR(INDEX(FILTER('1'!$EC:$EC,'1'!$EB:$EB=$A86,'1'!$A:$A=$B86),1),""""))"),1172.0) -> 1172 | E86: =IFERROR(__xludf.DUMMYFUNCTION("IF($B86="""","""",IFERROR(INDEX(FILTER('1'!$EE:$EE,'1'!$EB:$EB=$A86,'1'!$A:$A=$B86),1),""""))"),1.0) -> 1 | F86: =IFERROR(__xludf.DUMMYFUNCTION("IF($B86="""","""",IFERROR(INDEX(FILTER('1'!$EF:$EF,'1'!$EB:$EB=$A86,'1'!$A:$A=$B86),1),""""))"),2.0) -> 2 | H86: =IFERROR(__xludf.DUMMYFUNCTION("IF($B86="""","""",IFERROR(INDEX(FILTER('1'!$EG:$EG,'1'!$EB:$EB=$A86,'1'!$A:$A=$B86),1),""""))"),8065.0) -> 8065 | I86: =IFERROR(__xludf.DUMMYFUNCTION("IF($B86="""","""",IFERROR(INDEX(FILTER('1'!$EH:$EH,'1'!$EB:$EB=$A86,'1'!$A:$A=$B86),1),""""))"),2039.0) -> 2039 | J86: =IFERROR(__xludf.DUMMYFUNCTION("IF($B86="""","""",IFERROR(INDEX(FILTER('1'!$EI:$EI,'1'!$EB:$EB=$A86,'1'!$A:$A=$B86),1),""""))"),-1400.0) -> -1400 | M86: =IFERROR(__xludf.DUMMYFUNCTION("IF($B86="""","""",IFERROR(INDEX(FILTER('1'!$EE:$EE,'1'!$EB:$EB=$A86,'1'!$A:$A=$B86),1),""""))"),1.0) -> 1 | N86: =F86 -> 2 | O86: =IFERROR(__xludf.DUMMYFUNCTION("IF($B86="""","""",IFERROR(INDEX(FILTER('1'!$EJ:$EJ,'1'!$EB:$EB=$A86,'1'!$A:$A=$B86),1),""""))"),3.5) -> 3.5 | P86: =IFERROR(__xludf.DUMMYFUNCTION("IF($B86="""","""",IFERROR(INDEX(FILTER('1'!$EK:$EK,'1'!$EB:$EB=$A86,'1'!$A:$A=$B86),1),""""))"),6.0) -> 6 | Q86: =IFERROR(__xludf.DUMMYFUNCTION("IF($B86="""","""",IFERROR(INDEX(FILTER('1'!$EM:$EM,'1'!$EB:$EB=$A86,'1'!$A:$A=$B86),1),""""))"),4.5) -> 4.5
A87: 9 | B87: 46167 | C87: =IF(B87="","",TEXT(B87,"ddd")) -> 月 | D87: =IFERROR(__xludf.DUMMYFUNCTION("IF($B87="""","""",IFERROR(INDEX(FILTER('1'!$EC:$EC,'1'!$EB:$EB=$A87,'1'!$A:$A=$B87),1),""""))"),1172.0) -> 1172 | E87: =IFERROR(__xludf.DUMMYFUNCTION("IF($B87="""","""",IFERROR(INDEX(FILTER('1'!$EE:$EE,'1'!$EB:$EB=$A87,'1'!$A:$A=$B87),1),""""))"),2.0) -> 2 | F87: =IFERROR(__xludf.DUMMYFUNCTION("IF($B87="""","""",IFERROR(INDEX(FILTER('1'!$EF:$EF,'1'!$EB:$EB=$A87,'1'!$A:$A=$B87),1),""""))"),1.0) -> 1 | H87: =IFERROR(__xludf.DUMMYFUNCTION("IF($B87="""","""",IFERROR(INDEX(FILTER('1'!$EG:$EG,'1'!$EB:$EB=$A87,'1'!$A:$A=$B87),1),""""))"),4101.0) -> 4101 | I87: =IFERROR(__xludf.DUMMYFUNCTION("IF($B87="""","""",IFERROR(INDEX(FILTER('1'!$EH:$EH,'1'!$EB:$EB=$A87,'1'!$A:$A=$B87),1),""""))"),2731.0) -> 2731 | J87: =IFERROR(__xludf.DUMMYFUNCTION("IF($B87="""","""",IFERROR(INDEX(FILTER('1'!$EI:$EI,'1'!$EB:$EB=$A87,'1'!$A:$A=$B87),1),""""))"),-200.0) -> -200 | M87: =IFERROR(__xludf.DUMMYFUNCTION("IF($B87="""","""",IFERROR(INDEX(FILTER('1'!$EE:$EE,'1'!$EB:$EB=$A87,'1'!$A:$A=$B87),1),""""))"),2.0) -> 2 | N87: =F87 -> 1 | O87: =IFERROR(__xludf.DUMMYFUNCTION("IF($B87="""","""",IFERROR(INDEX(FILTER('1'!$EJ:$EJ,'1'!$EB:$EB=$A87,'1'!$A:$A=$B87),1),""""))"),2.0) -> 2 | P87: =IFERROR(__xludf.DUMMYFUNCTION("IF($B87="""","""",IFERROR(INDEX(FILTER('1'!$EK:$EK,'1'!$EB:$EB=$A87,'1'!$A:$A=$B87),1),""""))"),13.0) -> 13 | Q87: =IFERROR(__xludf.DUMMYFUNCTION("IF($B87="""","""",IFERROR(INDEX(FILTER('1'!$EM:$EM,'1'!$EB:$EB=$A87,'1'!$A:$A=$B87),1),""""))"),0.0) -> 0
A88: 9 | B88: 46168 | C88: =IF(B88="","",TEXT(B88,"ddd")) -> 火 | D88: =IFERROR(__xludf.DUMMYFUNCTION("IF($B88="""","""",IFERROR(INDEX(FILTER('1'!$EC:$EC,'1'!$EB:$EB=$A88,'1'!$A:$A=$B88),1),""""))"),1172.0) -> 1172 | E88: =IFERROR(__xludf.DUMMYFUNCTION("IF($B88="""","""",IFERROR(INDEX(FILTER('1'!$EE:$EE,'1'!$EB:$EB=$A88,'1'!$A:$A=$B88),1),""""))"),3.0) -> 3 | F88: =IFERROR(__xludf.DUMMYFUNCTION("IF($B88="""","""",IFERROR(INDEX(FILTER('1'!$EF:$EF,'1'!$EB:$EB=$A88,'1'!$A:$A=$B88),1),""""))"),3.0) -> 3 | H88: =IFERROR(__xludf.DUMMYFUNCTION("IF($B88="""","""",IFERROR(INDEX(FILTER('1'!$EG:$EG,'1'!$EB:$EB=$A88,'1'!$A:$A=$B88),1),""""))"),5235.0) -> 5235 | I88: =IFERROR(__xludf.DUMMYFUNCTION("IF($B88="""","""",IFERROR(INDEX(FILTER('1'!$EH:$EH,'1'!$EB:$EB=$A88,'1'!$A:$A=$B88),1),""""))"),4859.0) -> 4859 | J88: =IFERROR(__xludf.DUMMYFUNCTION("IF($B88="""","""",IFERROR(INDEX(FILTER('1'!$EI:$EI,'1'!$EB:$EB=$A88,'1'!$A:$A=$B88),1),""""))"),1200.0) -> 1200 | M88: =IFERROR(__xludf.DUMMYFUNCTION("IF($B88="""","""",IFERROR(INDEX(FILTER('1'!$EE:$EE,'1'!$EB:$EB=$A88,'1'!$A:$A=$B88),1),""""))"),3.0) -> 3 | N88: =F88 -> 3 | O88: =IFERROR(__xludf.DUMMYFUNCTION("IF($B88="""","""",IFERROR(INDEX(FILTER('1'!$EJ:$EJ,'1'!$EB:$EB=$A88,'1'!$A:$A=$B88),1),""""))"),2.5) -> 2.5 | P88: =IFERROR(__xludf.DUMMYFUNCTION("IF($B88="""","""",IFERROR(INDEX(FILTER('1'!$EK:$EK,'1'!$EB:$EB=$A88,'1'!$A:$A=$B88),1),""""))"),14.0) -> 14 | Q88: =IFERROR(__xludf.DUMMYFUNCTION("IF($B88="""","""",IFERROR(INDEX(FILTER('1'!$EM:$EM,'1'!$EB:$EB=$A88,'1'!$A:$A=$B88),1),""""))"),0.5) -> 0.5
A89: 9 | B89: 46169 | C89: =IF(B89="","",TEXT(B89,"ddd")) -> 水 | D89: =IFERROR(__xludf.DUMMYFUNCTION("IF($B89="""","""",IFERROR(INDEX(FILTER('1'!$EC:$EC,'1'!$EB:$EB=$A89,'1'!$A:$A=$B89),1),""""))"),1172.0) -> 1172 | E89: =IFERROR(__xludf.DUMMYFUNCTION("IF($B89="""","""",IFERROR(INDEX(FILTER('1'!$EE:$EE,'1'!$EB:$EB=$A89,'1'!$A:$A=$B89),1),""""))"),4.0) -> 4 | F89: =IFERROR(__xludf.DUMMYFUNCTION("IF($B89="""","""",IFERROR(INDEX(FILTER('1'!$EF:$EF,'1'!$EB:$EB=$A89,'1'!$A:$A=$B89),1),""""))"),3.0) -> 3 | G89: =IF(COUNT(F83:F89)=0,"",SUM(F83:F89)/7) -> 2.2857143 | H89: =IFERROR(__xludf.DUMMYFUNCTION("IF($B89="""","""",IFERROR(INDEX(FILTER('1'!$EG:$EG,'1'!$EB:$EB=$A89,'1'!$A:$A=$B89),1),""""))"),8287.0) -> 8287 | I89: =IFERROR(__xludf.DUMMYFUNCTION("IF($B89="""","""",IFERROR(INDEX(FILTER('1'!$EH:$EH,'1'!$EB:$EB=$A89,'1'!$A:$A=$B89),1),""""))"),3904.0) -> 3904 | J89: =IFERROR(__xludf.DUMMYFUNCTION("IF($B89="""","""",IFERROR(INDEX(FILTER('1'!$EI:$EI,'1'!$EB:$EB=$A89,'1'!$A:$A=$B89),1),""""))"),800.0) -> 800 | K89: {=SUM(IFERROR(VALUE(J83:J89),0))} -> 1900 | M89: =IFERROR(__xludf.DUMMYFUNCTION("IF($B89="""","""",IFERROR(INDEX(FILTER('1'!$EE:$EE,'1'!$EB:$EB=$A89,'1'!$A:$A=$B89),1),""""))"),4.0) -> 4 | N89: =F89 -> 3 | O89: =IFERROR(__xludf.DUMMYFUNCTION("IF($B89="""","""",IFERROR(INDEX(FILTER('1'!$EJ:$EJ,'1'!$EB:$EB=$A89,'1'!$A:$A=$B89),1),""""))"),3.5) -> 3.5 | P89: =IFERROR(__xludf.DUMMYFUNCTION("IF($B89="""","""",IFERROR(INDEX(FILTER('1'!$EK:$EK,'1'!$EB:$EB=$A89,'1'!$A:$A=$B89),1),""""))"),14.0) -> 14 | Q89: =IFERROR(__xludf.DUMMYFUNCTION("IF($B89="""","""",IFERROR(INDEX(FILTER('1'!$EM:$EM,'1'!$EB:$EB=$A89,'1'!$A:$A=$B89),1),""""))"),1.5) -> 1.5
A90: 9 | B90: 46170 | C90: =IF(B90="","",TEXT(B90,"ddd")) -> 木 | D90: =IFERROR(__xludf.DUMMYFUNCTION("IF($B90="""","""",IFERROR(INDEX(FILTER('1'!$EC:$EC,'1'!$EB:$EB=$A90,'1'!$A:$A=$B90),1),""""))"),1172.0) -> 1172 | E90: =IFERROR(__xludf.DUMMYFUNCTION("IF($B90="""","""",IFERROR(INDEX(FILTER('1'!$EE:$EE,'1'!$EB:$EB=$A90,'1'!$A:$A=$B90),1),""""))"),5.0) -> 5 | H90: =IFERROR(__xludf.DUMMYFUNCTION("IF($B90="""","""",IFERROR(INDEX(FILTER('2'!$DX:$DX,'2'!$DU:$DU=$A90,'2'!$A:$A=$B90),1),""""))"),"") | I90: =IFERROR(__xludf.DUMMYFUNCTION("IF($B90="""","""",IFERROR(INDEX(FILTER('2'!$DY:$DY,'2'!$DU:$DU=$A90,'2'!$A:$A=$B90),1),""""))"),"") | J90: =IFERROR(__xludf.DUMMYFUNCTION("IF($B90="""","""",IFERROR(INDEX(FILTER('2'!$DZ:$DZ,'2'!$DU:$DU=$A90,'2'!$A:$A=$B90),1),""""))"),"") | M90: =IFERROR(__xludf.DUMMYFUNCTION("IF($B90="""","""",IFERROR(INDEX(FILTER('1'!$EE:$EE,'1'!$EB:$EB=$A90,'1'!$A:$A=$B90),1),""""))"),5.0) -> 5 | N90: =F90 | O90: =IFERROR(__xludf.DUMMYFUNCTION("IF($B90="""","""",IFERROR(INDEX(FILTER('1'!$EJ:$EJ,'1'!$EB:$EB=$A90,'1'!$A:$A=$B90),1),""""))"),"") | P90: =IFERROR(__xludf.DUMMYFUNCTION("IF($B90="""","""",IFERROR(INDEX(FILTER('1'!$EK:$EK,'1'!$EB:$EB=$A90,'1'!$A:$A=$B90),1),""""))"),"") | Q90: =IFERROR(__xludf.DUMMYFUNCTION("IF($B90="""","""",IFERROR(INDEX(FILTER('1'!$EM:$EM,'1'!$EB:$EB=$A90,'1'!$A:$A=$B90),1),""""))"),0.0) -> 0 | R90: =D90 -> 1172
A91: 9 | N91: =F91
A92: 9 | C92: =IF(B92="","",TEXT(B92,"ddd")) | N92: =F92
A93: 10 | B93: 46163 | C93: =IF(B93="","",TEXT(B93,"ddd")) -> 木 | D93: =IFERROR(__xludf.DUMMYFUNCTION("IF($B93="""","""",IFERROR(INDEX(FILTER('1'!$ES:$ES,'1'!$ER:$ER=$A93,'1'!$A:$A=$B93),1),""""))"),1173.0) -> 1173 | E93: =IFERROR(__xludf.DUMMYFUNCTION("IF($B93="""","""",IFERROR(INDEX(FILTER('1'!$EU:$EU,'1'!$ER:$ER=$A93,'1'!$A:$A=$B93),1),""""))"),12.0) -> 12 | F93: =IFERROR(__xludf.DUMMYFUNCTION("IF($B93="""","""",IFERROR(INDEX(FILTER('1'!$EV:$EV,'1'!$ER:$ER=$A93,'1'!$A:$A=$B93),1),""""))"),1.0) -> 1 | H93: =IFERROR(__xludf.DUMMYFUNCTION("IF($B93="""","""",IFERROR(INDEX(FILTER('1'!$EW:$EW,'1'!$ER:$ER=$A93,'1'!$A:$A=$B93),1),""""))"),7770.0) -> 7770 | I93: =IFERROR(__xludf.DUMMYFUNCTION("IF($B93="""","""",IFERROR(INDEX(FILTER('1'!$EX:$EX,'1'!$ER:$ER=$A93,'1'!$A:$A=$B93),1),""""))"),1862.0) -> 1862 | J93: =IFERROR(__xludf.DUMMYFUNCTION("IF($B93="""","""",IFERROR(INDEX(FILTER('1'!$EY:$EY,'1'!$ER:$ER=$A93,'1'!$A:$A=$B93),1),""""))"),-2000.0) -> -2000 | M93: =IFERROR(__xludf.DUMMYFUNCTION("IF($B93="""","""",IFERROR(INDEX(FILTER('1'!$EU:$EU,'1'!$ER:$ER=$A93,'1'!$A:$A=$B93),1),""""))"),12.0) -> 12 | N93: =F93 -> 1 | O93: =IFERROR(__xludf.DUMMYFUNCTION("IF($B93="""","""",IFERROR(INDEX(FILTER('1'!$EZ:$EZ,'1'!$ER:$ER=$A93,'1'!$A:$A=$B93),1),""""))"),0.5) -> 0.5 | P93: =IFERROR(__xludf.DUMMYFUNCTION("IF($B93="""","""",IFERROR(INDEX(FILTER('1'!$FA:$FA,'1'!$ER:$ER=$A93,'1'!$A:$A=$B93),1),""""))"),13.0) -> 13 | Q93: =IFERROR(__xludf.DUMMYFUNCTION("IF($B93="""","""",IFERROR(INDEX(FILTER('1'!$FC:$FC,'1'!$ER:$ER=$A93,'1'!$A:$A=$B93),1),""""))"),-1.5) -> -1.5
A94: 10 | B94: 46164 | C94: =IF(B94="","",TEXT(B94,"ddd")) -> 金 | D94: =IFERROR(__xludf.DUMMYFUNCTION("IF($B94="""","""",IFERROR(INDEX(FILTER('1'!$ES:$ES,'1'!$ER:$ER=$A94,'1'!$A:$A=$B94),1),""""))"),1173.0) -> 1173 | E94: =IFERROR(__xludf.DUMMYFUNCTION("IF($B94="""","""",IFERROR(INDEX(FILTER('1'!$EU:$EU,'1'!$ER:$ER=$A94,'1'!$A:$A=$B94),1),""""))"),13.0) -> 13 | F94: =IFERROR(__xludf.DUMMYFUNCTION("IF($B94="""","""",IFERROR(INDEX(FILTER('1'!$EV:$EV,'1'!$ER:$ER=$A94,'1'!$A:$A=$B94),1),""""))"),2.0) -> 2 | H94: =IFERROR(__xludf.DUMMYFUNCTION("IF($B94="""","""",IFERROR(INDEX(FILTER('1'!$EW:$EW,'1'!$ER:$ER=$A94,'1'!$A:$A=$B94),1),""""))"),3661.0) -> 3661 | I94: =IFERROR(__xludf.DUMMYFUNCTION("IF($B94="""","""",IFERROR(INDEX(FILTER('1'!$EX:$EX,'1'!$ER:$ER=$A94,'1'!$A:$A=$B94),1),""""))"),2591.0) -> 2591 | J94: =IFERROR(__xludf.DUMMYFUNCTION("IF($B94="""","""",IFERROR(INDEX(FILTER('1'!$EY:$EY,'1'!$ER:$ER=$A94,'1'!$A:$A=$B94),1),""""))"),800.0) -> 800 | M94: =IFERROR(__xludf.DUMMYFUNCTION("IF($B94="""","""",IFERROR(INDEX(FILTER('1'!$EU:$EU,'1'!$ER:$ER=$A94,'1'!$A:$A=$B94),1),""""))"),13.0) -> 13 | N94: =F94 -> 2 | O94: =IFERROR(__xludf.DUMMYFUNCTION("IF($B94="""","""",IFERROR(INDEX(FILTER('1'!$EZ:$EZ,'1'!$ER:$ER=$A94,'1'!$A:$A=$B94),1),""""))"),0.5) -> 0.5 | P94: =IFERROR(__xludf.DUMMYFUNCTION("IF($B94="""","""",IFERROR(INDEX(FILTER('1'!$FA:$FA,'1'!$ER:$ER=$A94,'1'!$A:$A=$B94),1),""""))"),1.0) -> 1 | Q94: =IFERROR(__xludf.DUMMYFUNCTION("IF($B94="""","""",IFERROR(INDEX(FILTER('1'!$FC:$FC,'1'!$ER:$ER=$A94,'1'!$A:$A=$B94),1),""""))"),3.5) -> 3.5
A95: 10 | B95: 46165 | C95: =IF(B95="","",TEXT(B95,"ddd")) -> 土 | D95: =IFERROR(__xludf.DUMMYFUNCTION("IF($B95="""","""",IFERROR(INDEX(FILTER('1'!$ES:$ES,'1'!$ER:$ER=$A95,'1'!$A:$A=$B95),1),""""))"),1173.0) -> 1173 | E95: =IFERROR(__xludf.DUMMYFUNCTION("IF($B95="""","""",IFERROR(INDEX(FILTER('1'!$EU:$EU,'1'!$ER:$ER=$A95,'1'!$A:$A=$B95),1),""""))"),14.0) -> 14 | F95: =IFERROR(__xludf.DUMMYFUNCTION("IF($B95="""","""",IFERROR(INDEX(FILTER('1'!$EV:$EV,'1'!$ER:$ER=$A95,'1'!$A:$A=$B95),1),""""))"),1.0) -> 1 | H95: =IFERROR(__xludf.DUMMYFUNCTION("IF($B95="""","""",IFERROR(INDEX(FILTER('1'!$EW:$EW,'1'!$ER:$ER=$A95,'1'!$A:$A=$B95),1),""""))"),7170.0) -> 7170 | I95: =IFERROR(__xludf.DUMMYFUNCTION("IF($B95="""","""",IFERROR(INDEX(FILTER('1'!$EX:$EX,'1'!$ER:$ER=$A95,'1'!$A:$A=$B95),1),""""))"),1022.0) -> 1022 | J95: =IFERROR(__xludf.DUMMYFUNCTION("IF($B95="""","""",IFERROR(INDEX(FILTER('1'!$EY:$EY,'1'!$ER:$ER=$A95,'1'!$A:$A=$B95),1),""""))"),-2000.0) -> -2000 | M95: =IFERROR(__xludf.DUMMYFUNCTION("IF($B95="""","""",IFERROR(INDEX(FILTER('1'!$EU:$EU,'1'!$ER:$ER=$A95,'1'!$A:$A=$B95),1),""""))"),14.0) -> 14 | N95: =F95 -> 1 | O95: =IFERROR(__xludf.DUMMYFUNCTION("IF($B95="""","""",IFERROR(INDEX(FILTER('1'!$EZ:$EZ,'1'!$ER:$ER=$A95,'1'!$A:$A=$B95),1),""""))"),1.0) -> 1 | P95: =IFERROR(__xludf.DUMMYFUNCTION("IF($B95="""","""",IFERROR(INDEX(FILTER('1'!$FA:$FA,'1'!$ER:$ER=$A95,'1'!$A:$A=$B95),1),""""))"),7.0) -> 7 | Q95: =IFERROR(__xludf.DUMMYFUNCTION("IF($B95="""","""",IFERROR(INDEX(FILTER('1'!$FC:$FC,'1'!$ER:$ER=$A95,'1'!$A:$A=$B95),1),""""))"),2.0) -> 2
A96: 10 | B96: 46166 | C96: =IF(B96="","",TEXT(B96,"ddd")) -> 日 | D96: =IFERROR(__xludf.DUMMYFUNCTION("IF($B96="""","""",IFERROR(INDEX(FILTER('1'!$ES:$ES,'1'!$ER:$ER=$A96,'1'!$A:$A=$B96),1),""""))"),1173.0) -> 1173 | E96: =IFERROR(__xludf.DUMMYFUNCTION("IF($B96="""","""",IFERROR(INDEX(FILTER('1'!$EU:$EU,'1'!$ER:$ER=$A96,'1'!$A:$A=$B96),1),""""))"),15.0) -> 15 | F96: =IFERROR(__xludf.DUMMYFUNCTION("IF($B96="""","""",IFERROR(INDEX(FILTER('1'!$EV:$EV,'1'!$ER:$ER=$A96,'1'!$A:$A=$B96),1),""""))"),2.0) -> 2 | H96: =IFERROR(__xludf.DUMMYFUNCTION("IF($B96="""","""",IFERROR(INDEX(FILTER('1'!$EW:$EW,'1'!$ER:$ER=$A96,'1'!$A:$A=$B96),1),""""))"),7096.0) -> 7096 | I96: =IFERROR(__xludf.DUMMYFUNCTION("IF($B96="""","""",IFERROR(INDEX(FILTER('1'!$EX:$EX,'1'!$ER:$ER=$A96,'1'!$A:$A=$B96),1),""""))"),3741.0) -> 3741 | J96: =IFERROR(__xludf.DUMMYFUNCTION("IF($B96="""","""",IFERROR(INDEX(FILTER('1'!$EY:$EY,'1'!$ER:$ER=$A96,'1'!$A:$A=$B96),1),""""))"),-800.0) -> -800 | M96: =IFERROR(__xludf.DUMMYFUNCTION("IF($B96="""","""",IFERROR(INDEX(FILTER('1'!$EU:$EU,'1'!$ER:$ER=$A96,'1'!$A:$A=$B96),1),""""))"),15.0) -> 15 | N96: =F96 -> 2 | O96: =IFERROR(__xludf.DUMMYFUNCTION("IF($B96="""","""",IFERROR(INDEX(FILTER('1'!$EZ:$EZ,'1'!$ER:$ER=$A96,'1'!$A:$A=$B96),1),""""))"),1.0) -> 1 | P96: =IFERROR(__xludf.DUMMYFUNCTION("IF($B96="""","""",IFERROR(INDEX(FILTER('1'!$FA:$FA,'1'!$ER:$ER=$A96,'1'!$A:$A=$B96),1),""""))"),14.0) -> 14 | Q96: =IFERROR(__xludf.DUMMYFUNCTION("IF($B96="""","""",IFERROR(INDEX(FILTER('1'!$FC:$FC,'1'!$ER:$ER=$A96,'1'!$A:$A=$B96),1),""""))"),-1.0) -> -1
A97: 10 | B97: 46167 | C97: =IF(B97="","",TEXT(B97,"ddd")) -> 月 | D97: =IFERROR(__xludf.DUMMYFUNCTION("IF($B97="""","""",IFERROR(INDEX(FILTER('1'!$ES:$ES,'1'!$ER:$ER=$A97,'1'!$A:$A=$B97),1),""""))"),1173.0) -> 1173 | E97: =IFERROR(__xludf.DUMMYFUNCTION("IF($B97="""","""",IFERROR(INDEX(FILTER('1'!$EU:$EU,'1'!$ER:$ER=$A97,'1'!$A:$A=$B97),1),""""))"),16.0) -> 16 | F97: =IFERROR(__xludf.DUMMYFUNCTION("IF($B97="""","""",IFERROR(INDEX(FILTER('1'!$EV:$EV,'1'!$ER:$ER=$A97,'1'!$A:$A=$B97),1),""""))"),-1.0) -> -1 | H97: =IFERROR(__xludf.DUMMYFUNCTION("IF($B97="""","""",IFERROR(INDEX(FILTER('1'!$EW:$EW,'1'!$ER:$ER=$A97,'1'!$A:$A=$B97),1),""""))"),6680.0) -> 6680 | I97: =IFERROR(__xludf.DUMMYFUNCTION("IF($B97="""","""",IFERROR(INDEX(FILTER('1'!$EX:$EX,'1'!$ER:$ER=$A97,'1'!$A:$A=$B97),1),""""))"),965.0) -> 965 | J97: =IFERROR(__xludf.DUMMYFUNCTION("IF($B97="""","""",IFERROR(INDEX(FILTER('1'!$EY:$EY,'1'!$ER:$ER=$A97,'1'!$A:$A=$B97),1),""""))"),-3000.0) -> -3000 | M97: =IFERROR(__xludf.DUMMYFUNCTION("IF($B97="""","""",IFERROR(INDEX(FILTER('1'!$EU:$EU,'1'!$ER:$ER=$A97,'1'!$A:$A=$B97),1),""""))"),16.0) -> 16 | N97: =F97 -> -1 | O97: =IFERROR(__xludf.DUMMYFUNCTION("IF($B97="""","""",IFERROR(INDEX(FILTER('1'!$EZ:$EZ,'1'!$ER:$ER=$A97,'1'!$A:$A=$B97),1),""""))"),0.5) -> 0.5 | P97: =IFERROR(__xludf.DUMMYFUNCTION("IF($B97="""","""",IFERROR(INDEX(FILTER('1'!$FA:$FA,'1'!$ER:$ER=$A97,'1'!$A:$A=$B97),1),""""))"),14.0) -> 14 | Q97: =IFERROR(__xludf.DUMMYFUNCTION("IF($B97="""","""",IFERROR(INDEX(FILTER('1'!$FC:$FC,'1'!$ER:$ER=$A97,'1'!$A:$A=$B97),1),""""))"),-1.5) -> -1.5
A98: 10 | B98: 46168 | C98: =IF(B98="","",TEXT(B98,"ddd")) -> 火 | D98: =IFERROR(__xludf.DUMMYFUNCTION("IF($B98="""","""",IFERROR(INDEX(FILTER('1'!$ES:$ES,'1'!$ER:$ER=$A98,'1'!$A:$A=$B98),1),""""))"),1173.0) -> 1173 | E98: =IFERROR(__xludf.DUMMYFUNCTION("IF($B98="""","""",IFERROR(INDEX(FILTER('1'!$EU:$EU,'1'!$ER:$ER=$A98,'1'!$A:$A=$B98),1),""""))"),17.0) -> 17 | F98: =IFERROR(__xludf.DUMMYFUNCTION("IF($B98="""","""",IFERROR(INDEX(FILTER('1'!$EV:$EV,'1'!$ER:$ER=$A98,'1'!$A:$A=$B98),1),""""))"),2.0) -> 2 | H98: =IFERROR(__xludf.DUMMYFUNCTION("IF($B98="""","""",IFERROR(INDEX(FILTER('1'!$EW:$EW,'1'!$ER:$ER=$A98,'1'!$A:$A=$B98),1),""""))"),5766.0) -> 5766 | I98: =IFERROR(__xludf.DUMMYFUNCTION("IF($B98="""","""",IFERROR(INDEX(FILTER('1'!$EX:$EX,'1'!$ER:$ER=$A98,'1'!$A:$A=$B98),1),""""))"),4383.0) -> 4383 | J98: =IFERROR(__xludf.DUMMYFUNCTION("IF($B98="""","""",IFERROR(INDEX(FILTER('1'!$EY:$EY,'1'!$ER:$ER=$A98,'1'!$A:$A=$B98),1),""""))"),200.0) -> 200 | M98: =IFERROR(__xludf.DUMMYFUNCTION("IF($B98="""","""",IFERROR(INDEX(FILTER('1'!$EU:$EU,'1'!$ER:$ER=$A98,'1'!$A:$A=$B98),1),""""))"),17.0) -> 17 | N98: =F98 -> 2 | O98: =IFERROR(__xludf.DUMMYFUNCTION("IF($B98="""","""",IFERROR(INDEX(FILTER('1'!$EZ:$EZ,'1'!$ER:$ER=$A98,'1'!$A:$A=$B98),1),""""))"),-0.5) -> -0.5 | P98: =IFERROR(__xludf.DUMMYFUNCTION("IF($B98="""","""",IFERROR(INDEX(FILTER('1'!$FA:$FA,'1'!$ER:$ER=$A98,'1'!$A:$A=$B98),1),""""))"),1.0) -> 1 | Q98: =IFERROR(__xludf.DUMMYFUNCTION("IF($B98="""","""",IFERROR(INDEX(FILTER('1'!$FC:$FC,'1'!$ER:$ER=$A98,'1'!$A:$A=$B98),1),""""))"),2.5) -> 2.5
A99: 10 | B99: 46169 | C99: =IF(B99="","",TEXT(B99,"ddd")) -> 水 | D99: =IFERROR(__xludf.DUMMYFUNCTION("IF($B99="""","""",IFERROR(INDEX(FILTER('1'!$ES:$ES,'1'!$ER:$ER=$A99,'1'!$A:$A=$B99),1),""""))"),1173.0) -> 1173 | E99: =IFERROR(__xludf.DUMMYFUNCTION("IF($B99="""","""",IFERROR(INDEX(FILTER('1'!$EU:$EU,'1'!$ER:$ER=$A99,'1'!$A:$A=$B99),1),""""))"),18.0) -> 18 | F99: =IFERROR(__xludf.DUMMYFUNCTION("IF($B99="""","""",IFERROR(INDEX(FILTER('1'!$EV:$EV,'1'!$ER:$ER=$A99,'1'!$A:$A=$B99),1),""""))"),2.0) -> 2 | G99: =IF(COUNT(F93:F99)=0,"",SUM(F93:F99)/7) -> 1.2857143 | H99: =IFERROR(__xludf.DUMMYFUNCTION("IF($B99="""","""",IFERROR(INDEX(FILTER('1'!$EW:$EW,'1'!$ER:$ER=$A99,'1'!$A:$A=$B99),1),""""))"),3631.0) -> 3631 | I99: =IFERROR(__xludf.DUMMYFUNCTION("IF($B99="""","""",IFERROR(INDEX(FILTER('1'!$EX:$EX,'1'!$ER:$ER=$A99,'1'!$A:$A=$B99),1),""""))"),3646.0) -> 3646 | J99: =IFERROR(__xludf.DUMMYFUNCTION("IF($B99="""","""",IFERROR(INDEX(FILTER('1'!$EY:$EY,'1'!$ER:$ER=$A99,'1'!$A:$A=$B99),1),""""))"),800.0) -> 800 | K99: {=SUM(IFERROR(VALUE(J93:J99),0))} -> -6000 | M99: =IFERROR(__xludf.DUMMYFUNCTION("IF($B99="""","""",IFERROR(INDEX(FILTER('1'!$EU:$EU,'1'!$ER:$ER=$A99,'1'!$A:$A=$B99),1),""""))"),18.0) -> 18 | N99: =F99 -> 2 | O99: =IFERROR(__xludf.DUMMYFUNCTION("IF($B99="""","""",IFERROR(INDEX(FILTER('1'!$EZ:$EZ,'1'!$ER:$ER=$A99,'1'!$A:$A=$B99),1),""""))"),1.5) -> 1.5 | P99: =IFERROR(__xludf.DUMMYFUNCTION("IF($B99="""","""",IFERROR(INDEX(FILTER('1'!$FA:$FA,'1'!$ER:$ER=$A99,'1'!$A:$A=$B99),1),""""))"),9.0) -> 9 | Q99: =IFERROR(__xludf.DUMMYFUNCTION("IF($B99="""","""",IFERROR(INDEX(FILTER('1'!$FC:$FC,'1'!$ER:$ER=$A99,'1'!$A:$A=$B99),1),""""))"),1.5) -> 1.5
A100: 10 | B100: 46170 | C100: =IF(B100="","",TEXT(B100,"ddd")) -> 木 | D100: =IFERROR(__xludf.DUMMYFUNCTION("IF($B100="""","""",IFERROR(INDEX(FILTER('1'!$ES:$ES,'1'!$ER:$ER=$A100,'1'!$A:$A=$B100),1),""""))"),1173.0) -> 1173 | E100: =IFERROR(__xludf.DUMMYFUNCTION("IF($B100="""","""",IFERROR(INDEX(FILTER('1'!$EU:$EU,'1'!$ER:$ER=$A100,'1'!$A:$A=$B100),1),""""))"),19.0) -> 19 | H100: =IFERROR(__xludf.DUMMYFUNCTION("IF($B100="""","""",IFERROR(INDEX(FILTER('2'!$EM:$EM,'2'!$EJ:$EJ=$A100,'2'!$A:$A=$B100),1),""""))"),"") | I100: =IFERROR(__xludf.DUMMYFUNCTION("IF($B100="""","""",IFERROR(INDEX(FILTER('2'!$EN:$EN,'2'!$EJ:$EJ=$A100,'2'!$A:$A=$B100),1),""""))"),"") | J100: =IFERROR(__xludf.DUMMYFUNCTION("IF($B100="""","""",IFERROR(INDEX(FILTER('2'!$EO:$EO,'2'!$EJ:$EJ=$A100,'2'!$A:$A=$B100),1),""""))"),"") | M100: =IFERROR(__xludf.DUMMYFUNCTION("IF($B100="""","""",IFERROR(INDEX(FILTER('1'!$EU:$EU,'1'!$ER:$ER=$A100,'1'!$A:$A=$B100),1),""""))"),19.0) -> 19 | N100: =F100 | O100: =IFERROR(__xludf.DUMMYFUNCTION("IF($B100="""","""",IFERROR(INDEX(FILTER('1'!$EZ:$EZ,'1'!$ER:$ER=$A100,'1'!$A:$A=$B100),1),""""))"),"") | P100: =IFERROR(__xludf.DUMMYFUNCTION("IF($B100="""","""",IFERROR(INDEX(FILTER('1'!$FA:$FA,'1'!$ER:$ER=$A100,'1'!$A:$A=$B100),1),""""))"),"") | Q100: =IFERROR(__xludf.DUMMYFUNCTION("IF($B100="""","""",IFERROR(INDEX(FILTER('1'!$FC:$FC,'1'!$ER:$ER=$A100,'1'!$A:$A=$B100),1),""""))"),0.0) -> 0 | R100: =D100 -> 1173
...

Sheet 前日
A1: ='1'!A1 -> GOD | M1: =A1 -> GOD
A2: 仮番号 | B2: 日付 | C2: 曜日 | D2: 台番号 | E2: 評価4以上の周期 | F2: 有効実績評価 | G2: 7日間有効実績評価平均 | H2: G数 | I2: 最大放出 | J2: 差枚 | K2: 7日間差枚 | M2: 評価4以上の周期 | N2: 実評価 | O2: AI予想 | P2: python順位 | Q2: 合算pt
A3: {=LET(n,20,TOCOL(MAKEARRAY(n,10,LAMBDA(r,c,r)),1))} -> 1 | B3: {=LET(d,SEQUENCE(8,1,TODAY()-7,1),TOCOL(MAKEARRAY(24,10,LAMBDA(r,c,IF(c<=8,INDEX(d,c),""))),1))} -> 46163 | C3: =IF(B3="","",TEXT(B3,"ddd")) -> 木 | D3: =IFERROR(__xludf.DUMMYFUNCTION("IF($B3="""","""",IFERROR(INDEX(FILTER('1'!$E:$E,'1'!$D:$D=$A3,'1'!$A:$A=$B3),1),""""))"),1164.0) -> 1164 | E3: =IFERROR(__xludf.DUMMYFUNCTION("IF($B3="""","""",IFERROR(INDEX(FILTER('1'!$G:$G,'1'!$D:$D=$A3,'1'!$A:$A=$B3),1),""""))"),5.0) -> 5 | F3: =IFERROR(__xludf.DUMMYFUNCTION("IF($B3="""","""",IFERROR(INDEX(FILTER('1'!$H:$H,'1'!$D:$D=$A3,'1'!$A:$A=$B3),1),""""))"),3.0) -> 3 | H3: =IFERROR(__xludf.DUMMYFUNCTION("IF($B3="""","""",IFERROR(INDEX(FILTER('1'!$I:$I,'1'!$D:$D=$A3,'1'!$A:$A=$B3),1),""""))"),8305.0) -> 8305 | I3: =IFERROR(__xludf.DUMMYFUNCTION("IF($B3="""","""",IFERROR(INDEX(FILTER('1'!$J:$J,'1'!$D:$D=$A3,'1'!$A:$A=$B3),1),""""))"),5331.0) -> 5331 | J3: =IFERROR(__xludf.DUMMYFUNCTION("IF($B3="""","""",IFERROR(INDEX(FILTER('1'!$K:$K,'1'!$D:$D=$A3,'1'!$A:$A=$B3),1),""""))"),800.0) -> 800 | M3: =IFERROR(__xludf.DUMMYFUNCTION("IF($B3="""","""",IFERROR(INDEX(FILTER('1'!$G:$G,'1'!$D:$D=$A3,'1'!$A:$A=$B3),1),""""))"),5.0) -> 5 | N3: =F3 -> 3 | O3: =IFERROR(__xludf.DUMMYFUNCTION("IF($B3="""","""",IFERROR(INDEX(FILTER('1'!$L:$L,'1'!$D:$D=$A3,'1'!$A:$A=$B3),1),""""))"),2.5) -> 2.5 | P3: =IFERROR(__xludf.DUMMYFUNCTION("IF($B3="""","""",IFERROR(INDEX(FILTER('1'!$M:$M,'1'!$D:$D=$A3,'1'!$A:$A=$B3),1),""""))"),6.0) -> 6 | Q3: =IFERROR(__xludf.DUMMYFUNCTION("IF($B3="""","""",IFERROR(INDEX(FILTER('1'!$O:$O,'1'!$D:$D=$A3,'1'!$A:$A=$B3),1),""""))"),3.5) -> 3.5
A4: 1 | B4: 46164 | C4: =IF(B4="","",TEXT(B4,"ddd")) -> 金 | D4: =IFERROR(__xludf.DUMMYFUNCTION("IF($B4="""","""",IFERROR(INDEX(FILTER('1'!$E:$E,'1'!$D:$D=$A4,'1'!$A:$A=$B4),1),""""))"),1164.0) -> 1164 | E4: =IFERROR(__xludf.DUMMYFUNCTION("IF($B4="""","""",IFERROR(INDEX(FILTER('1'!$G:$G,'1'!$D:$D=$A4,'1'!$A:$A=$B4),1),""""))"),6.0) -> 6 | F4: =IFERROR(__xludf.DUMMYFUNCTION("IF($B4="""","""",IFERROR(INDEX(FILTER('1'!$H:$H,'1'!$D:$D=$A4,'1'!$A:$A=$B4),1),""""))"),1.0) -> 1 | H4: =IFERROR(__xludf.DUMMYFUNCTION("IF($B4="""","""",IFERROR(INDEX(FILTER('1'!$I:$I,'1'!$D:$D=$A4,'1'!$A:$A=$B4),1),""""))"),5545.0) -> 5545 | I4: =IFERROR(__xludf.DUMMYFUNCTION("IF($B4="""","""",IFERROR(INDEX(FILTER('1'!$J:$J,'1'!$D:$D=$A4,'1'!$A:$A=$B4),1),""""))"),2034.0) -> 2034 | J4: =IFERROR(__xludf.DUMMYFUNCTION("IF($B4="""","""",IFERROR(INDEX(FILTER('1'!$K:$K,'1'!$D:$D=$A4,'1'!$A:$A=$B4),1),""""))"),-600.0) -> -600 | M4: =IFERROR(__xludf.DUMMYFUNCTION("IF($B4="""","""",IFERROR(INDEX(FILTER('1'!$G:$G,'1'!$D:$D=$A4,'1'!$A:$A=$B4),1),""""))"),6.0) -> 6 | N4: =F4 -> 1 | O4: =IFERROR(__xludf.DUMMYFUNCTION("IF($B4="""","""",IFERROR(INDEX(FILTER('1'!$L:$L,'1'!$D:$D=$A4,'1'!$A:$A=$B4),1),""""))"),2.0) -> 2 | P4: =IFERROR(__xludf.DUMMYFUNCTION("IF($B4="""","""",IFERROR(INDEX(FILTER('1'!$M:$M,'1'!$D:$D=$A4,'1'!$A:$A=$B4),1),""""))"),8.0) -> 8 | Q4: =IFERROR(__xludf.DUMMYFUNCTION("IF($B4="""","""",IFERROR(INDEX(FILTER('1'!$O:$O,'1'!$D:$D=$A4,'1'!$A:$A=$B4),1),""""))"),2.0) -> 2
A5: 1 | B5: 46165 | C5: =IF(B5="","",TEXT(B5,"ddd")) -> 土 | D5: =IFERROR(__xludf.DUMMYFUNCTION("IF($B5="""","""",IFERROR(INDEX(FILTER('1'!$E:$E,'1'!$D:$D=$A5,'1'!$A:$A=$B5),1),""""))"),1164.0) -> 1164 | E5: =IFERROR(__xludf.DUMMYFUNCTION("IF($B5="""","""",IFERROR(INDEX(FILTER('1'!$G:$G,'1'!$D:$D=$A5,'1'!$A:$A=$B5),1),""""))"),7.0) -> 7 | F5: =IFERROR(__xludf.DUMMYFUNCTION("IF($B5="""","""",IFERROR(INDEX(FILTER('1'!$H:$H,'1'!$D:$D=$A5,'1'!$A:$A=$B5),1),""""))"),4.0) -> 4 | H5: =IFERROR(__xludf.DUMMYFUNCTION("IF($B5="""","""",IFERROR(INDEX(FILTER('1'!$I:$I,'1'!$D:$D=$A5,'1'!$A:$A=$B5),1),""""))"),7505.0) -> 7505 | I5: =IFERROR(__xludf.DUMMYFUNCTION("IF($B5="""","""",IFERROR(INDEX(FILTER('1'!$J:$J,'1'!$D:$D=$A5,'1'!$A:$A=$B5),1),""""))"),5084.0) -> 5084 | J5: =IFERROR(__xludf.DUMMYFUNCTION("IF($B5="""","""",IFERROR(INDEX(FILTER('1'!$K:$K,'1'!$D:$D=$A5,'1'!$A:$A=$B5),1),""""))"),2100.0) -> 2100 | M5: =IFERROR(__xludf.DUMMYFUNCTION("IF($B5="""","""",IFERROR(INDEX(FILTER('1'!$G:$G,'1'!$D:$D=$A5,'1'!$A:$A=$B5),1),""""))"),7.0) -> 7 | N5: =F5 -> 4 | O5: =IFERROR(__xludf.DUMMYFUNCTION("IF($B5="""","""",IFERROR(INDEX(FILTER('1'!$L:$L,'1'!$D:$D=$A5,'1'!$A:$A=$B5),1),""""))"),2.0) -> 2 | P5: =IFERROR(__xludf.DUMMYFUNCTION("IF($B5="""","""",IFERROR(INDEX(FILTER('1'!$M:$M,'1'!$D:$D=$A5,'1'!$A:$A=$B5),1),""""))"),8.0) -> 8 | Q5: =IFERROR(__xludf.DUMMYFUNCTION("IF($B5="""","""",IFERROR(INDEX(FILTER('1'!$O:$O,'1'!$D:$D=$A5,'1'!$A:$A=$B5),1),""""))"),2.0) -> 2
A6: 1 | B6: 46166 | C6: =IF(B6="","",TEXT(B6,"ddd")) -> 日 | D6: =IFERROR(__xludf.DUMMYFUNCTION("IF($B6="""","""",IFERROR(INDEX(FILTER('1'!$E:$E,'1'!$D:$D=$A6,'1'!$A:$A=$B6),1),""""))"),1164.0) -> 1164 | E6: =IFERROR(__xludf.DUMMYFUNCTION("IF($B6="""","""",IFERROR(INDEX(FILTER('1'!$G:$G,'1'!$D:$D=$A6,'1'!$A:$A=$B6),1),""""))"),1.0) -> 1 | F6: =IFERROR(__xludf.DUMMYFUNCTION("IF($B6="""","""",IFERROR(INDEX(FILTER('1'!$H:$H,'1'!$D:$D=$A6,'1'!$A:$A=$B6),1),""""))"),-1.0) -> -1 | H6: =IFERROR(__xludf.DUMMYFUNCTION("IF($B6="""","""",IFERROR(INDEX(FILTER('1'!$I:$I,'1'!$D:$D=$A6,'1'!$A:$A=$B6),1),""""))"),7537.0) -> 7537 | I6: =IFERROR(__xludf.DUMMYFUNCTION("IF($B6="""","""",IFERROR(INDEX(FILTER('1'!$J:$J,'1'!$D:$D=$A6,'1'!$A:$A=$B6),1),""""))"),1921.0) -> 1921 | J6: =IFERROR(__xludf.DUMMYFUNCTION("IF($B6="""","""",IFERROR(INDEX(FILTER('1'!$K:$K,'1'!$D:$D=$A6,'1'!$A:$A=$B6),1),""""))"),-2500.0) -> -2500 | M6: =IFERROR(__xludf.DUMMYFUNCTION("IF($B6="""","""",IFERROR(INDEX(FILTER('1'!$G:$G,'1'!$D:$D=$A6,'1'!$A:$A=$B6),1),""""))"),1.0) -> 1 | N6: =F6 -> -1 | O6: =IFERROR(__xludf.DUMMYFUNCTION("IF($B6="""","""",IFERROR(INDEX(FILTER('1'!$L:$L,'1'!$D:$D=$A6,'1'!$A:$A=$B6),1),""""))"),3.0) -> 3 | P6: =IFERROR(__xludf.DUMMYFUNCTION("IF($B6="""","""",IFERROR(INDEX(FILTER('1'!$M:$M,'1'!$D:$D=$A6,'1'!$A:$A=$B6),1),""""))"),5.0) -> 5 | Q6: =IFERROR(__xludf.DUMMYFUNCTION("IF($B6="""","""",IFERROR(INDEX(FILTER('1'!$O:$O,'1'!$D:$D=$A6,'1'!$A:$A=$B6),1),""""))"),5.0) -> 5
A7: 1 | B7: 46167 | C7: =IF(B7="","",TEXT(B7,"ddd")) -> 月 | D7: =IFERROR(__xludf.DUMMYFUNCTION("IF($B7="""","""",IFERROR(INDEX(FILTER('1'!$E:$E,'1'!$D:$D=$A7,'1'!$A:$A=$B7),1),""""))"),1164.0) -> 1164 | E7: =IFERROR(__xludf.DUMMYFUNCTION("IF($B7="""","""",IFERROR(INDEX(FILTER('1'!$G:$G,'1'!$D:$D=$A7,'1'!$A:$A=$B7),1),""""))"),2.0) -> 2 | F7: =IFERROR(__xludf.DUMMYFUNCTION("IF($B7="""","""",IFERROR(INDEX(FILTER('1'!$H:$H,'1'!$D:$D=$A7,'1'!$A:$A=$B7),1),""""))"),-3.0) -> -3 | H7: =IFERROR(__xludf.DUMMYFUNCTION("IF($B7="""","""",IFERROR(INDEX(FILTER('1'!$I:$I,'1'!$D:$D=$A7,'1'!$A:$A=$B7),1),""""))"),7902.0) -> 7902 | I7: =IFERROR(__xludf.DUMMYFUNCTION("IF($B7="""","""",IFERROR(INDEX(FILTER('1'!$J:$J,'1'!$D:$D=$A7,'1'!$A:$A=$B7),1),""""))"),730.0) -> 730 | J7: =IFERROR(__xludf.DUMMYFUNCTION("IF($B7="""","""",IFERROR(INDEX(FILTER('1'!$K:$K,'1'!$D:$D=$A7,'1'!$A:$A=$B7),1),""""))"),-6000.0) -> -6000 | M7: =IFERROR(__xludf.DUMMYFUNCTION("IF($B7="""","""",IFERROR(INDEX(FILTER('1'!$G:$G,'1'!$D:$D=$A7,'1'!$A:$A=$B7),1),""""))"),2.0) -> 2 | N7: =F7 -> -3 | O7: =IFERROR(__xludf.DUMMYFUNCTION("IF($B7="""","""",IFERROR(INDEX(FILTER('1'!$L:$L,'1'!$D:$D=$A7,'1'!$A:$A=$B7),1),""""))"),1.5) -> 1.5 | P7: =IFERROR(__xludf.DUMMYFUNCTION("IF($B7="""","""",IFERROR(INDEX(FILTER('1'!$M:$M,'1'!$D:$D=$A7,'1'!$A:$A=$B7),1),""""))"),9.0) -> 9 | Q7: =IFERROR(__xludf.DUMMYFUNCTION("IF($B7="""","""",IFERROR(INDEX(FILTER('1'!$O:$O,'1'!$D:$D=$A7,'1'!$A:$A=$B7),1),""""))"),1.5) -> 1.5
A8: 1 | B8: 46168 | C8: =IF(B8="","",TEXT(B8,"ddd")) -> 火 | D8: =IFERROR(__xludf.DUMMYFUNCTION("IF($B8="""","""",IFERROR(INDEX(FILTER('1'!$E:$E,'1'!$D:$D=$A8,'1'!$A:$A=$B8),1),""""))"),1164.0) -> 1164 | E8: =IFERROR(__xludf.DUMMYFUNCTION("IF($B8="""","""",IFERROR(INDEX(FILTER('1'!$G:$G,'1'!$D:$D=$A8,'1'!$A:$A=$B8),1),""""))"),3.0) -> 3 | F8: =IFERROR(__xludf.DUMMYFUNCTION("IF($B8="""","""",IFERROR(INDEX(FILTER('1'!$H:$H,'1'!$D:$D=$A8,'1'!$A:$A=$B8),1),""""))"),-3.0) -> -3 | H8: =IFERROR(__xludf.DUMMYFUNCTION("IF($B8="""","""",IFERROR(INDEX(FILTER('1'!$I:$I,'1'!$D:$D=$A8,'1'!$A:$A=$B8),1),""""))"),6833.0) -> 6833 | I8: =IFERROR(__xludf.DUMMYFUNCTION("IF($B8="""","""",IFERROR(INDEX(FILTER('1'!$J:$J,'1'!$D:$D=$A8,'1'!$A:$A=$B8),1),""""))"),750.0) -> 750 | J8: =IFERROR(__xludf.DUMMYFUNCTION("IF($B8="""","""",IFERROR(INDEX(FILTER('1'!$K:$K,'1'!$D:$D=$A8,'1'!$A:$A=$B8),1),""""))"),-4500.0) -> -4500 | M8: =IFERROR(__xludf.DUMMYFUNCTION("IF($B8="""","""",IFERROR(INDEX(FILTER('1'!$G:$G,'1'!$D:$D=$A8,'1'!$A:$A=$B8),1),""""))"),3.0) -> 3 | N8: =F8 -> -3 | O8: =IFERROR(__xludf.DUMMYFUNCTION("IF($B8="""","""",IFERROR(INDEX(FILTER('1'!$L:$L,'1'!$D:$D=$A8,'1'!$A:$A=$B8),1),""""))"),0.5) -> 0.5 | P8: =IFERROR(__xludf.DUMMYFUNCTION("IF($B8="""","""",IFERROR(INDEX(FILTER('1'!$M:$M,'1'!$D:$D=$A8,'1'!$A:$A=$B8),1),""""))"),8.0) -> 8 | Q8: =IFERROR(__xludf.DUMMYFUNCTION("IF($B8="""","""",IFERROR(INDEX(FILTER('1'!$O:$O,'1'!$D:$D=$A8,'1'!$A:$A=$B8),1),""""))"),0.5) -> 0.5
A9: 1 | B9: 46169 | C9: =IF(B9="","",TEXT(B9,"ddd")) -> 水 | D9: =IFERROR(__xludf.DUMMYFUNCTION("IF($B9="""","""",IFERROR(INDEX(FILTER('1'!$E:$E,'1'!$D:$D=$A9,'1'!$A:$A=$B9),1),""""))"),1164.0) -> 1164 | E9: =IFERROR(__xludf.DUMMYFUNCTION("IF($B9="""","""",IFERROR(INDEX(FILTER('1'!$G:$G,'1'!$D:$D=$A9,'1'!$A:$A=$B9),1),""""))"),4.0) -> 4 | F9: =IFERROR(__xludf.DUMMYFUNCTION("IF($B9="""","""",IFERROR(INDEX(FILTER('1'!$H:$H,'1'!$D:$D=$A9,'1'!$A:$A=$B9),1),""""))"),5.0) -> 5 | G9: =IF(COUNT(F3:F9)=0,"",SUM(F3:F9)/7) -> 0.85714286 | H9: =IFERROR(__xludf.DUMMYFUNCTION("IF($B9="""","""",IFERROR(INDEX(FILTER('1'!$I:$I,'1'!$D:$D=$A9,'1'!$A:$A=$B9),1),""""))"),4235.0) -> 4235 | I9: =IFERROR(__xludf.DUMMYFUNCTION("IF($B9="""","""",IFERROR(INDEX(FILTER('1'!$J:$J,'1'!$D:$D=$A9,'1'!$A:$A=$B9),1),""""))"),7590.0) -> 7590 | J9: =IFERROR(__xludf.DUMMYFUNCTION("IF($B9="""","""",IFERROR(INDEX(FILTER('1'!$K:$K,'1'!$D:$D=$A9,'1'!$A:$A=$B9),1),""""))"),5100.0) -> 5100 | K9: {=SUM(IFERROR(VALUE(J3:J9),0))} -> -5600 | M9: =IFERROR(__xludf.DUMMYFUNCTION("IF($B9="""","""",IFERROR(INDEX(FILTER('1'!$G:$G,'1'!$D:$D=$A9,'1'!$A:$A=$B9),1),""""))"),4.0) -> 4 | N9: =F9 -> 5 | O9: =IFERROR(__xludf.DUMMYFUNCTION("IF($B9="""","""",IFERROR(INDEX(FILTER('1'!$L:$L,'1'!$D:$D=$A9,'1'!$A:$A=$B9),1),""""))"),1.0) -> 1 | P9: =IFERROR(__xludf.DUMMYFUNCTION("IF($B9="""","""",IFERROR(INDEX(FILTER('1'!$M:$M,'1'!$D:$D=$A9,'1'!$A:$A=$B9),1),""""))"),11.0) -> 11 | Q9: =IFERROR(__xludf.DUMMYFUNCTION("IF($B9="""","""",IFERROR(INDEX(FILTER('1'!$O:$O,'1'!$D:$D=$A9,'1'!$A:$A=$B9),1),""""))"),0.0) -> 0
A10: 1 | B10: 46170 | C10: =IF(B10="","",TEXT(B10,"ddd")) -> 木 | D10: =IFERROR(__xludf.DUMMYFUNCTION("IF($B10="""","""",IFERROR(INDEX(FILTER('1'!$E:$E,'1'!$D:$D=$A10,'1'!$A:$A=$B10),1),""""))"),1164.0) -> 1164 | E10: =IFERROR(__xludf.DUMMYFUNCTION("IF($B10="""","""",IFERROR(INDEX(FILTER('1'!$G:$G,'1'!$D:$D=$A10,'1'!$A:$A=$B10),1),""""))"),1.0) -> 1 | H10: =IFERROR(__xludf.DUMMYFUNCTION("IF($B10="""","""",IFERROR(INDEX(FILTER('2'!$G:$G,'2'!$D:$D=$A10,'2'!$A:$A=$B10),1),""""))"),"") | I10: =IFERROR(__xludf.DUMMYFUNCTION("IF($B10="""","""",IFERROR(INDEX(FILTER('2'!$H:$H,'2'!$D:$D=$A10,'2'!$A:$A=$B10),1),""""))"),"") | J10: =IFERROR(__xludf.DUMMYFUNCTION("IF($B10="""","""",IFERROR(INDEX(FILTER('2'!$I:$I,'2'!$D:$D=$A10,'2'!$A:$A=$B10),1),""""))"),"") | M10: =IFERROR(__xludf.DUMMYFUNCTION("IF($B10="""","""",IFERROR(INDEX(FILTER('1'!$G:$G,'1'!$D:$D=$A10,'1'!$A:$A=$B10),1),""""))"),1.0) -> 1 | N10: =F10 | O10: =IFERROR(__xludf.DUMMYFUNCTION("IF($B10="""","""",IFERROR(INDEX(FILTER('1'!$L:$L,'1'!$D:$D=$A10,'1'!$A:$A=$B10),1),""""))"),"") | P10: =IFERROR(__xludf.DUMMYFUNCTION("IF($B10="""","""",IFERROR(INDEX(FILTER('1'!$M:$M,'1'!$D:$D=$A10,'1'!$A:$A=$B10),1),""""))"),"") | Q10: =IFERROR(__xludf.DUMMYFUNCTION("IF($B10="""","""",IFERROR(INDEX(FILTER('1'!$O:$O,'1'!$D:$D=$A10,'1'!$A:$A=$B10),1),""""))"),0.0) -> 0 | R10: =D10 -> 1164
A11: 1 | N11: =F11
A12: 1 | C12: =IF(B12="","",TEXT(B12,"ddd")) | N12: =F12
A13: 2 | B13: 46163 | C13: =IF(B13="","",TEXT(B13,"ddd")) -> 木 | D13: =IFERROR(__xludf.DUMMYFUNCTION("IF($B13="""","""",IFERROR(INDEX(FILTER('1'!$U:$U,'1'!$T:$T=$A13,'1'!$A:$A=$B13),1),""""))"),1165.0) -> 1165 | E13: =IFERROR(__xludf.DUMMYFUNCTION("IF($B13="""","""",IFERROR(INDEX(FILTER('1'!$W:$W,'1'!$T:$T=$A13,'1'!$A:$A=$B13),1),""""))"),3.0) -> 3 | F13: =IFERROR(__xludf.DUMMYFUNCTION("IF($B13="""","""",IFERROR(INDEX(FILTER('1'!$X:$X,'1'!$T:$T=$A13,'1'!$A:$A=$B13),1),""""))"),4.0) -> 4 | H13: =IFERROR(__xludf.DUMMYFUNCTION("IF($B13="""","""",IFERROR(INDEX(FILTER('1'!$Y:$Y,'1'!$T:$T=$A13,'1'!$A:$A=$B13),1),""""))"),4304.0) -> 4304 | I13: =IFERROR(__xludf.DUMMYFUNCTION("IF($B13="""","""",IFERROR(INDEX(FILTER('1'!$Z:$Z,'1'!$T:$T=$A13,'1'!$A:$A=$B13),1),""""))"),6065.0) -> 6065 | J13: =IFERROR(__xludf.DUMMYFUNCTION("IF($B13="""","""",IFERROR(INDEX(FILTER('1'!$AA:$AA,'1'!$T:$T=$A13,'1'!$A:$A=$B13),1),""""))"),3000.0) -> 3000 | M13: =IFERROR(__xludf.DUMMYFUNCTION("IF($B13="""","""",IFERROR(INDEX(FILTER('1'!$W:$W,'1'!$T:$T=$A13,'1'!$A:$A=$B13),1),""""))"),3.0) -> 3 | N13: =F13 -> 4 | O13: =IFERROR(__xludf.DUMMYFUNCTION("IF($B13="""","""",IFERROR(INDEX(FILTER('1'!$AB:$AB,'1'!$T:$T=$A13,'1'!$A:$A=$B13),1),""""))"),4.0) -> 4 | P13: =IFERROR(__xludf.DUMMYFUNCTION("IF($B13="""","""",IFERROR(INDEX(FILTER('1'!$AC:$AC,'1'!$T:$T=$A13,'1'!$A:$A=$B13),1),""""))"),12.0) -> 12 | Q13: =IFERROR(__xludf.DUMMYFUNCTION("IF($B13="""","""",IFERROR(INDEX(FILTER('1'!$AE:$AE,'1'!$T:$T=$A13,'1'!$A:$A=$B13),1),""""))"),2.0) -> 2
A14: 2 | B14: 46164 | C14: =IF(B14="","",TEXT(B14,"ddd")) -> 金 | D14: =IFERROR(__xludf.DUMMYFUNCTION("IF($B14="""","""",IFERROR(INDEX(FILTER('1'!$U:$U,'1'!$T:$T=$A14,'1'!$A:$A=$B14),1),""""))"),1165.0) -> 1165 | E14: =IFERROR(__xludf.DUMMYFUNCTION("IF($B14="""","""",IFERROR(INDEX(FILTER('1'!$W:$W,'1'!$T:$T=$A14,'1'!$A:$A=$B14),1),""""))"),1.0) -> 1 | F14: =IFERROR(__xludf.DUMMYFUNCTION("IF($B14="""","""",IFERROR(INDEX(FILTER('1'!$X:$X,'1'!$T:$T=$A14,'1'!$A:$A=$B14),1),""""))"),1.0) -> 1 | H14: =IFERROR(__xludf.DUMMYFUNCTION("IF($B14="""","""",IFERROR(INDEX(FILTER('1'!$Y:$Y,'1'!$T:$T=$A14,'1'!$A:$A=$B14),1),""""))"),3250.0) -> 3250 | I14: =IFERROR(__xludf.DUMMYFUNCTION("IF($B14="""","""",IFERROR(INDEX(FILTER('1'!$Z:$Z,'1'!$T:$T=$A14,'1'!$A:$A=$B14),1),""""))"),2012.0) -> 2012 | J14: =IFERROR(__xludf.DUMMYFUNCTION("IF($B14="""","""",IFERROR(INDEX(FILTER('1'!$AA:$AA,'1'!$T:$T=$A14,'1'!$A:$A=$B14),1),""""))"),-500.0) -> -500 | M14: =IFERROR(__xludf.DUMMYFUNCTION("IF($B14="""","""",IFERROR(INDEX(FILTER('1'!$W:$W,'1'!$T:$T=$A14,'1'!$A:$A=$B14),1),""""))"),1.0) -> 1 | N14: =F14 -> 1 | O14: =IFERROR(__xludf.DUMMYFUNCTION("IF($B14="""","""",IFERROR(INDEX(FILTER('1'!$AB:$AB,'1'!$T:$T=$A14,'1'!$A:$A=$B14),1),""""))"),4.0) -> 4 | P14: =IFERROR(__xludf.DUMMYFUNCTION("IF($B14="""","""",IFERROR(INDEX(FILTER('1'!$AC:$AC,'1'!$T:$T=$A14,'1'!$A:$A=$B14),1),""""))"),6.0) -> 6 | Q14: =IFERROR(__xludf.DUMMYFUNCTION("IF($B14="""","""",IFERROR(INDEX(FILTER('1'!$AE:$AE,'1'!$T:$T=$A14,'1'!$A:$A=$B14),1),""""))"),5.0) -> 5
A15: 2 | B15: 46165 | C15: =IF(B15="","",TEXT(B15,"ddd")) -> 土 | D15: =IFERROR(__xludf.DUMMYFUNCTION("IF($B15="""","""",IFERROR(INDEX(FILTER('1'!$U:$U,'1'!$T:$T=$A15,'1'!$A:$A=$B15),1),""""))"),1165.0) -> 1165 | E15: =IFERROR(__xludf.DUMMYFUNCTION("IF($B15="""","""",IFERROR(INDEX(FILTER('1'!$W:$W,'1'!$T:$T=$A15,'1'!$A:$A=$B15),1),""""))"),2.0) -> 2 | F15: =IFERROR(__xludf.DUMMYFUNCTION("IF($B15="""","""",IFERROR(INDEX(FILTER('1'!$X:$X,'1'!$T:$T=$A15,'1'!$A:$A=$B15),1),""""))"),-3.0) -> -3 | H15: =IFERROR(__xludf.DUMMYFUNCTION("IF($B15="""","""",IFERROR(INDEX(FILTER('1'!$Y:$Y,'1'!$T:$T=$A15,'1'!$A:$A=$B15),1),""""))"),6915.0) -> 6915 | I15: =IFERROR(__xludf.DUMMYFUNCTION("IF($B15="""","""",IFERROR(INDEX(FILTER('1'!$Z:$Z,'1'!$T:$T=$A15,'1'!$A:$A=$B15),1),""""))"),1064.0) -> 1064 | J15: =IFERROR(__xludf.DUMMYFUNCTION("IF($B15="""","""",IFERROR(INDEX(FILTER('1'!$AA:$AA,'1'!$T:$T=$A15,'1'!$A:$A=$B15),1),""""))"),-4500.0) -> -4500 | M15: =IFERROR(__xludf.DUMMYFUNCTION("IF($B15="""","""",IFERROR(INDEX(FILTER('1'!$W:$W,'1'!$T:$T=$A15,'1'!$A:$A=$B15),1),""""))"),2.0) -> 2 | N15: =F15 -> -3 | O15: =IFERROR(__xludf.DUMMYFUNCTION("IF($B15="""","""",IFERROR(INDEX(FILTER('1'!$AB:$AB,'1'!$T:$T=$A15,'1'!$A:$A=$B15),1),""""))"),3.0) -> 3 | P15: =IFERROR(__xludf.DUMMYFUNCTION("IF($B15="""","""",IFERROR(INDEX(FILTER('1'!$AC:$AC,'1'!$T:$T=$A15,'1'!$A:$A=$B15),1),""""))"),11.0) -> 11 | Q15: =IFERROR(__xludf.DUMMYFUNCTION("IF($B15="""","""",IFERROR(INDEX(FILTER('1'!$AE:$AE,'1'!$T:$T=$A15,'1'!$A:$A=$B15),1),""""))"),2.0) -> 2
A16: 2 | B16: 46166 | C16: =IF(B16="","",TEXT(B16,"ddd")) -> 日 | D16: =IFERROR(__xludf.DUMMYFUNCTION("IF($B16="""","""",IFERROR(INDEX(FILTER('1'!$U:$U,'1'!$T:$T=$A16,'1'!$A:$A=$B16),1),""""))"),1165.0) -> 1165 | E16: =IFERROR(__xludf.DUMMYFUNCTION("IF($B16="""","""",IFERROR(INDEX(FILTER('1'!$W:$W,'1'!$T:$T=$A16,'1'!$A:$A=$B16),1),""""))"),3.0) -> 3 | F16: =IFERROR(__xludf.DUMMYFUNCTION("IF($B16="""","""",IFERROR(INDEX(FILTER('1'!$X:$X,'1'!$T:$T=$A16,'1'!$A:$A=$B16),1),""""))"),-3.0) -> -3 | H16: =IFERROR(__xludf.DUMMYFUNCTION("IF($B16="""","""",IFERROR(INDEX(FILTER('1'!$Y:$Y,'1'!$T:$T=$A16,'1'!$A:$A=$B16),1),""""))"),7255.0) -> 7255 | I16: =IFERROR(__xludf.DUMMYFUNCTION("IF($B16="""","""",IFERROR(INDEX(FILTER('1'!$Z:$Z,'1'!$T:$T=$A16,'1'!$A:$A=$B16),1),""""))"),931.0) -> 931 | J16: =IFERROR(__xludf.DUMMYFUNCTION("IF($B16="""","""",IFERROR(INDEX(FILTER('1'!$AA:$AA,'1'!$T:$T=$A16,'1'!$A:$A=$B16),1),""""))"),-5000.0) -> -5000 | M16: =IFERROR(__xludf.DUMMYFUNCTION("IF($B16="""","""",IFERROR(INDEX(FILTER('1'!$W:$W,'1'!$T:$T=$A16,'1'!$A:$A=$B16),1),""""))"),3.0) -> 3 | N16: =F16 -> -3 | O16: =IFERROR(__xludf.DUMMYFUNCTION("IF($B16="""","""",IFERROR(INDEX(FILTER('1'!$AB:$AB,'1'!$T:$T=$A16,'1'!$A:$A=$B16),1),""""))"),2.5) -> 2.5 | P16: =IFERROR(__xludf.DUMMYFUNCTION("IF($B16="""","""",IFERROR(INDEX(FILTER('1'!$AC:$AC,'1'!$T:$T=$A16,'1'!$A:$A=$B16),1),""""))"),12.0) -> 12 | Q16: =IFERROR(__xludf.DUMMYFUNCTION("IF($B16="""","""",IFERROR(INDEX(FILTER('1'!$AE:$AE,'1'!$T:$T=$A16,'1'!$A:$A=$B16),1),""""))"),0.5) -> 0.5
A17: 2 | B17: 46167 | C17: =IF(B17="","",TEXT(B17,"ddd")) -> 月 | D17: =IFERROR(__xludf.DUMMYFUNCTION("IF($B17="""","""",IFERROR(INDEX(FILTER('1'!$U:$U,'1'!$T:$T=$A17,'1'!$A:$A=$B17),1),""""))"),1165.0) -> 1165 | E17: =IFERROR(__xludf.DUMMYFUNCTION("IF($B17="""","""",IFERROR(INDEX(FILTER('1'!$W:$W,'1'!$T:$T=$A17,'1'!$A:$A=$B17),1),""""))"),4.0) -> 4 | F17: =IFERROR(__xludf.DUMMYFUNCTION("IF($B17="""","""",IFERROR(INDEX(FILTER('1'!$X:$X,'1'!$T:$T=$A17,'1'!$A:$A=$B17),1),""""))"),-2.0) -> -2 | H17: =IFERROR(__xludf.DUMMYFUNCTION("IF($B17="""","""",IFERROR(INDEX(FILTER('1'!$Y:$Y,'1'!$T:$T=$A17,'1'!$A:$A=$B17),1),""""))"),5432.0) -> 5432 | I17: =IFERROR(__xludf.DUMMYFUNCTION("IF($B17="""","""",IFERROR(INDEX(FILTER('1'!$Z:$Z,'1'!$T:$T=$A17,'1'!$A:$A=$B17),1),""""))"),1167.0) -> 1167 | J17: =IFERROR(__xludf.DUMMYFUNCTION("IF($B17="""","""",IFERROR(INDEX(FILTER('1'!$AA:$AA,'1'!$T:$T=$A17,'1'!$A:$A=$B17),1),""""))"),-4000.0) -> -4000 | M17: =IFERROR(__xludf.DUMMYFUNCTION("IF($B17="""","""",IFERROR(INDEX(FILTER('1'!$W:$W,'1'!$T:$T=$A17,'1'!$A:$A=$B17),1),""""))"),4.0) -> 4 | N17: =F17 -> -2 | O17: =IFERROR(__xludf.DUMMYFUNCTION("IF($B17="""","""",IFERROR(INDEX(FILTER('1'!$AB:$AB,'1'!$T:$T=$A17,'1'!$A:$A=$B17),1),""""))"),1.0) -> 1 | P17: =IFERROR(__xludf.DUMMYFUNCTION("IF($B17="""","""",IFERROR(INDEX(FILTER('1'!$AC:$AC,'1'!$T:$T=$A17,'1'!$A:$A=$B17),1),""""))"),11.0) -> 11 | Q17: =IFERROR(__xludf.DUMMYFUNCTION("IF($B17="""","""",IFERROR(INDEX(FILTER('1'!$AE:$AE,'1'!$T:$T=$A17,'1'!$A:$A=$B17),1),""""))"),0.0) -> 0
A18: 2 | B18: 46168 | C18: =IF(B18="","",TEXT(B18,"ddd")) -> 火 | D18: =IFERROR(__xludf.DUMMYFUNCTION("IF($B18="""","""",IFERROR(INDEX(FILTER('1'!$U:$U,'1'!$T:$T=$A18,'1'!$A:$A=$B18),1),""""))"),1165.0) -> 1165 | E18: =IFERROR(__xludf.DUMMYFUNCTION("IF($B18="""","""",IFERROR(INDEX(FILTER('1'!$W:$W,'1'!$T:$T=$A18,'1'!$A:$A=$B18),1),""""))"),5.0) -> 5 | F18: =IFERROR(__xludf.DUMMYFUNCTION("IF($B18="""","""",IFERROR(INDEX(FILTER('1'!$X:$X,'1'!$T:$T=$A18,'1'!$A:$A=$B18),1),""""))"),1.0) -> 1 | H18: =IFERROR(__xludf.DUMMYFUNCTION("IF($B18="""","""",IFERROR(INDEX(FILTER('1'!$Y:$Y,'1'!$T:$T=$A18,'1'!$A:$A=$B18),1),""""))"),4177.0) -> 4177 | I18: =IFERROR(__xludf.DUMMYFUNCTION("IF($B18="""","""",IFERROR(INDEX(FILTER('1'!$Z:$Z,'1'!$T:$T=$A18,'1'!$A:$A=$B18),1),""""))"),1449.0) -> 1449 | J18: =IFERROR(__xludf.DUMMYFUNCTION("IF($B18="""","""",IFERROR(INDEX(FILTER('1'!$AA:$AA,'1'!$T:$T=$A18,'1'!$A:$A=$B18),1),""""))"),-2000.0) -> -2000 | M18: =IFERROR(__xludf.DUMMYFUNCTION("IF($B18="""","""",IFERROR(INDEX(FILTER('1'!$W:$W,'1'!$T:$T=$A18,'1'!$A:$A=$B18),1),""""))"),5.0) -> 5 | N18: =F18 -> 1 | O18: =IFERROR(__xludf.DUMMYFUNCTION("IF($B18="""","""",IFERROR(INDEX(FILTER('1'!$AB:$AB,'1'!$T:$T=$A18,'1'!$A:$A=$B18),1),""""))"),-0.5) -> -0.5 | P18: =IFERROR(__xludf.DUMMYFUNCTION("IF($B18="""","""",IFERROR(INDEX(FILTER('1'!$AC:$AC,'1'!$T:$T=$A18,'1'!$A:$A=$B18),1),""""))"),10.0) -> 10 | Q18: =IFERROR(__xludf.DUMMYFUNCTION("IF($B18="""","""",IFERROR(INDEX(FILTER('1'!$AE:$AE,'1'!$T:$T=$A18,'1'!$A:$A=$B18),1),""""))"),-1.5) -> -1.5
A19: 2 | B19: 46169 | C19: =IF(B19="","",TEXT(B19,"ddd")) -> 水 | D19: =IFERROR(__xludf.DUMMYFUNCTION("IF($B19="""","""",IFERROR(INDEX(FILTER('1'!$U:$U,'1'!$T:$T=$A19,'1'!$A:$A=$B19),1),""""))"),1165.0) -> 1165 | E19: =IFERROR(__xludf.DUMMYFUNCTION("IF($B19="""","""",IFERROR(INDEX(FILTER('1'!$W:$W,'1'!$T:$T=$A19,'1'!$A:$A=$B19),1),""""))"),6.0) -> 6 | F19: =IFERROR(__xludf.DUMMYFUNCTION("IF($B19="""","""",IFERROR(INDEX(FILTER('1'!$X:$X,'1'!$T:$T=$A19,'1'!$A:$A=$B19),1),""""))"),4.0) -> 4 | G19: =IF(COUNT(F13:F19)=0,"",SUM(F13:F19)/7) -> 0.28571429 | H19: =IFERROR(__xludf.DUMMYFUNCTION("IF($B19="""","""",IFERROR(INDEX(FILTER('1'!$Y:$Y,'1'!$T:$T=$A19,'1'!$A:$A=$B19),1),""""))"),5989.0) -> 5989 | I19: =IFERROR(__xludf.DUMMYFUNCTION("IF($B19="""","""",IFERROR(INDEX(FILTER('1'!$Z:$Z,'1'!$T:$T=$A19,'1'!$A:$A=$B19),1),""""))"),6705.0) -> 6705 | J19: =IFERROR(__xludf.DUMMYFUNCTION("IF($B19="""","""",IFERROR(INDEX(FILTER('1'!$AA:$AA,'1'!$T:$T=$A19,'1'!$A:$A=$B19),1),""""))"),5500.0) -> 5500 | K19: {=SUM(IFERROR(VALUE(J13:J19),0))} -> -7500 | M19: =IFERROR(__xludf.DUMMYFUNCTION("IF($B19="""","""",IFERROR(INDEX(FILTER('1'!$W:$W,'1'!$T:$T=$A19,'1'!$A:$A=$B19),1),""""))"),6.0) -> 6 | N19: =F19 -> 4 | O19: =IFERROR(__xludf.DUMMYFUNCTION("IF($B19="""","""",IFERROR(INDEX(FILTER('1'!$AB:$AB,'1'!$T:$T=$A19,'1'!$A:$A=$B19),1),""""))"),0.5) -> 0.5 | P19: =IFERROR(__xludf.DUMMYFUNCTION("IF($B19="""","""",IFERROR(INDEX(FILTER('1'!$AC:$AC,'1'!$T:$T=$A19,'1'!$A:$A=$B19),1),""""))"),12.0) -> 12 | Q19: =IFERROR(__xludf.DUMMYFUNCTION("IF($B19="""","""",IFERROR(INDEX(FILTER('1'!$AE:$AE,'1'!$T:$T=$A19,'1'!$A:$A=$B19),1),""""))"),-1.5) -> -1.5
A20: 2 | B20: 46170 | C20: =IF(B20="","",TEXT(B20,"ddd")) -> 木 | D20: =IFERROR(__xludf.DUMMYFUNCTION("IF($B20="""","""",IFERROR(INDEX(FILTER('1'!$U:$U,'1'!$T:$T=$A20,'1'!$A:$A=$B20),1),""""))"),1165.0) -> 1165 | E20: =IFERROR(__xludf.DUMMYFUNCTION("IF($B20="""","""",IFERROR(INDEX(FILTER('1'!$W:$W,'1'!$T:$T=$A20,'1'!$A:$A=$B20),1),""""))"),1.0) -> 1 | H20: =IFERROR(__xludf.DUMMYFUNCTION("IF($B20="""","""",IFERROR(INDEX(FILTER('2'!$V:$V,'2'!$S:$S=$A20,'2'!$A:$A=$B20),1),""""))"),"") | I20: =IFERROR(__xludf.DUMMYFUNCTION("IF($B20="""","""",IFERROR(INDEX(FILTER('2'!$W:$W,'2'!$S:$S=$A20,'2'!$A:$A=$B20),1),""""))"),"") | M20: =IFERROR(__xludf.DUMMYFUNCTION("IF($B20="""","""",IFERROR(INDEX(FILTER('1'!$W:$W,'1'!$T:$T=$A20,'1'!$A:$A=$B20),1),""""))"),1.0) -> 1 | N20: =F20 | O20: =IFERROR(__xludf.DUMMYFUNCTION("IF($B20="""","""",IFERROR(INDEX(FILTER('1'!$AB:$AB,'1'!$T:$T=$A20,'1'!$A:$A=$B20),1),""""))"),"") | P20: =IFERROR(__xludf.DUMMYFUNCTION("IF($B20="""","""",IFERROR(INDEX(FILTER('1'!$AC:$AC,'1'!$T:$T=$A20,'1'!$A:$A=$B20),1),""""))"),"") | Q20: =IFERROR(__xludf.DUMMYFUNCTION("IF($B20="""","""",IFERROR(INDEX(FILTER('1'!$AE:$AE,'1'!$T:$T=$A20,'1'!$A:$A=$B20),1),""""))"),0.0) -> 0 | R20: =D20 -> 1165
A21: 2 | H21: =IFERROR(__xludf.DUMMYFUNCTION("IF($B21="""","""",IFERROR(INDEX(FILTER('1'!$X:$X,'1'!$T:$T=$A21,'1'!$A:$A=$B21),1),""""))"),"") | N21: =F21
A22: 2 | C22: =IF(B22="","",TEXT(B22,"ddd")) | N22: =F22
A23: 3 | B23: 46163 | C23: =IF(B23="","",TEXT(B23,"ddd")) -> 木 | D23: =IFERROR(__xludf.DUMMYFUNCTION("IF($B23="""","""",IFERROR(INDEX(FILTER('1'!$AK:$AK,'1'!$AJ:$AJ=$A23,'1'!$A:$A=$B23),1),""""))"),1166.0) -> 1166 | E23: =IFERROR(__xludf.DUMMYFUNCTION("IF($B23="""","""",IFERROR(INDEX(FILTER('1'!$AM:$AM,'1'!$AJ:$AJ=$A23,'1'!$A:$A=$B23),1),""""))"),2.0) -> 2 | F23: =IFERROR(__xludf.DUMMYFUNCTION("IF($B23="""","""",IFERROR(INDEX(FILTER('1'!$AN:$AN,'1'!$AJ:$AJ=$A23,'1'!$A:$A=$B23),1),""""))"),2.0) -> 2 | H23: =IFERROR(__xludf.DUMMYFUNCTION("IF($B23="""","""",IFERROR(INDEX(FILTER('1'!$AO:$AO,'1'!$AJ:$AJ=$A23,'1'!$A:$A=$B23),1),""""))"),6204.0) -> 6204 | I23: =IFERROR(__xludf.DUMMYFUNCTION("IF($B23="""","""",IFERROR(INDEX(FILTER('1'!$AP:$AP,'1'!$AJ:$AJ=$A23,'1'!$A:$A=$B23),1),""""))"),2772.0) -> 2772 | J23: =IFERROR(__xludf.DUMMYFUNCTION("IF($B23="""","""",IFERROR(INDEX(FILTER('1'!$AQ:$AQ,'1'!$AJ:$AJ=$A23,'1'!$A:$A=$B23),1),""""))"),-100.0) -> -100 | M23: =IFERROR(__xludf.DUMMYFUNCTION("IF($B23="""","""",IFERROR(INDEX(FILTER('1'!$AM:$AM,'1'!$AJ:$AJ=$A23,'1'!$A:$A=$B23),1),""""))"),2.0) -> 2 | N23: =F23 -> 2 | O23: =IFERROR(__xludf.DUMMYFUNCTION("IF($B23="""","""",IFERROR(INDEX(FILTER('1'!$AR:$AR,'1'!$AJ:$AJ=$A23,'1'!$A:$A=$B23),1),""""))"),1.0) -> 1 | P23: =IFERROR(__xludf.DUMMYFUNCTION("IF($B23="""","""",IFERROR(INDEX(FILTER('1'!$AS:$AS,'1'!$AJ:$AJ=$A23,'1'!$A:$A=$B23),1),""""))"),8.0) -> 8 | Q23: =IFERROR(__xludf.DUMMYFUNCTION("IF($B23="""","""",IFERROR(INDEX(FILTER('1'!$AU:$AU,'1'!$AJ:$AJ=$A23,'1'!$A:$A=$B23),1),""""))"),1.0) -> 1
A24: 3 | B24: 46164 | C24: =IF(B24="","",TEXT(B24,"ddd")) -> 金 | D24: =IFERROR(__xludf.DUMMYFUNCTION("IF($B24="""","""",IFERROR(INDEX(FILTER('1'!$AK:$AK,'1'!$AJ:$AJ=$A24,'1'!$A:$A=$B24),1),""""))"),1166.0) -> 1166 | E24: =IFERROR(__xludf.DUMMYFUNCTION("IF($B24="""","""",IFERROR(INDEX(FILTER('1'!$AM:$AM,'1'!$AJ:$AJ=$A24,'1'!$A:$A=$B24),1),""""))"),3.0) -> 3 | F24: =IFERROR(__xludf.DUMMYFUNCTION("IF($B24="""","""",IFERROR(INDEX(FILTER('1'!$AN:$AN,'1'!$AJ:$AJ=$A24,'1'!$A:$A=$B24),1),""""))"),1.0) -> 1 | H24: =IFERROR(__xludf.DUMMYFUNCTION("IF($B24="""","""",IFERROR(INDEX(FILTER('1'!$AO:$AO,'1'!$AJ:$AJ=$A24,'1'!$A:$A=$B24),1),""""))"),2565.0) -> 2565 | I24: =IFERROR(__xludf.DUMMYFUNCTION("IF($B24="""","""",IFERROR(INDEX(FILTER('1'!$AP:$AP,'1'!$AJ:$AJ=$A24,'1'!$A:$A=$B24),1),""""))"),1056.0) -> 1056 | J24: =IFERROR(__xludf.DUMMYFUNCTION("IF($B24="""","""",IFERROR(INDEX(FILTER('1'!$AQ:$AQ,'1'!$AJ:$AJ=$A24,'1'!$A:$A=$B24),1),""""))"),-1100.0) -> -1100 | M24: =IFERROR(__xludf.DUMMYFUNCTION("IF($B24="""","""",IFERROR(INDEX(FILTER('1'!$AM:$AM,'1'!$AJ:$AJ=$A24,'1'!$A:$A=$B24),1),""""))"),3.0) -> 3 | N24: =F24 -> 1 | O24: =IFERROR(__xludf.DUMMYFUNCTION("IF($B24="""","""",IFERROR(INDEX(FILTER('1'!$AR:$AR,'1'!$AJ:$AJ=$A24,'1'!$A:$A=$B24),1),""""))"),1.5) -> 1.5 | P24: =IFERROR(__xludf.DUMMYFUNCTION("IF($B24="""","""",IFERROR(INDEX(FILTER('1'!$AS:$AS,'1'!$AJ:$AJ=$A24,'1'!$A:$A=$B24),1),""""))"),9.0) -> 9 | Q24: =IFERROR(__xludf.DUMMYFUNCTION("IF($B24="""","""",IFERROR(INDEX(FILTER('1'!$AU:$AU,'1'!$AJ:$AJ=$A24,'1'!$A:$A=$B24),1),""""))"),1.5) -> 1.5
A25: 3 | B25: 46165 | C25: =IF(B25="","",TEXT(B25,"ddd")) -> 土 | D25: =IFERROR(__xludf.DUMMYFUNCTION("IF($B25="""","""",IFERROR(INDEX(FILTER('1'!$AK:$AK,'1'!$AJ:$AJ=$A25,'1'!$A:$A=$B25),1),""""))"),1166.0) -> 1166 | E25: =IFERROR(__xludf.DUMMYFUNCTION("IF($B25="""","""",IFERROR(INDEX(FILTER('1'!$AM:$AM,'1'!$AJ:$AJ=$A25,'1'!$A:$A=$B25),1),""""))"),4.0) -> 4 | F25: =IFERROR(__xludf.DUMMYFUNCTION("IF($B25="""","""",IFERROR(INDEX(FILTER('1'!$AN:$AN,'1'!$AJ:$AJ=$A25,'1'!$A:$A=$B25),1),""""))"),-2.0) -> -2 | H25: =IFERROR(__xludf.DUMMYFUNCTION("IF($B25="""","""",IFERROR(INDEX(FILTER('1'!$AO:$AO,'1'!$AJ:$AJ=$A25,'1'!$A:$A=$B25),1),""""))"),8204.0) -> 8204 | I25: =IFERROR(__xludf.DUMMYFUNCTION("IF($B25="""","""",IFERROR(INDEX(FILTER('1'!$AP:$AP,'1'!$AJ:$AJ=$A25,'1'!$A:$A=$B25),1),""""))"),1314.0) -> 1314 | J25: =IFERROR(__xludf.DUMMYFUNCTION("IF($B25="""","""",IFERROR(INDEX(FILTER('1'!$AQ:$AQ,'1'!$AJ:$AJ=$A25,'1'!$A:$A=$B25),1),""""))"),-6000.0) -> -6000 | M25: =IFERROR(__xludf.DUMMYFUNCTION("IF($B25="""","""",IFERROR(INDEX(FILTER('1'!$AM:$AM,'1'!$AJ:$AJ=$A25,'1'!$A:$A=$B25),1),""""))"),4.0) -> 4 | N25: =F25 -> -2 | O25: =IFERROR(__xludf.DUMMYFUNCTION("IF($B25="""","""",IFERROR(INDEX(FILTER('1'!$AR:$AR,'1'!$AJ:$AJ=$A25,'1'!$A:$A=$B25),1),""""))"),0.5) -> 0.5 | P25: =IFERROR(__xludf.DUMMYFUNCTION("IF($B25="""","""",IFERROR(INDEX(FILTER('1'!$AS:$AS,'1'!$AJ:$AJ=$A25,'1'!$A:$A=$B25),1),""""))"),9.0) -> 9 | Q25: =IFERROR(__xludf.DUMMYFUNCTION("IF($B25="""","""",IFERROR(INDEX(FILTER('1'!$AU:$AU,'1'!$AJ:$AJ=$A25,'1'!$A:$A=$B25),1),""""))"),0.5) -> 0.5
A26: 3 | B26: 46166 | C26: =IF(B26="","",TEXT(B26,"ddd")) -> 日 | D26: =IFERROR(__xludf.DUMMYFUNCTION("IF($B26="""","""",IFERROR(INDEX(FILTER('1'!$AK:$AK,'1'!$AJ:$AJ=$A26,'1'!$A:$A=$B26),1),""""))"),1166.0) -> 1166 | E26: =IFERROR(__xludf.DUMMYFUNCTION("IF($B26="""","""",IFERROR(INDEX(FILTER('1'!$AM:$AM,'1'!$AJ:$AJ=$A26,'1'!$A:$A=$B26),1),""""))"),5.0) -> 5 | F26: =IFERROR(__xludf.DUMMYFUNCTION("IF($B26="""","""",IFERROR(INDEX(FILTER('1'!$AN:$AN,'1'!$AJ:$AJ=$A26,'1'!$A:$A=$B26),1),""""))"),1.0) -> 1 | H26: =IFERROR(__xludf.DUMMYFUNCTION("IF($B26="""","""",IFERROR(INDEX(FILTER('1'!$AO:$AO,'1'!$AJ:$AJ=$A26,'1'!$A:$A=$B26),1),""""))"),6531.0) -> 6531 | I26: =IFERROR(__xludf.DUMMYFUNCTION("IF($B26="""","""",IFERROR(INDEX(FILTER('1'!$AP:$AP,'1'!$AJ:$AJ=$A26,'1'!$A:$A=$B26),1),""""))"),2599.0) -> 2599 | J26: =IFERROR(__xludf.DUMMYFUNCTION("IF($B26="""","""",IFERROR(INDEX(FILTER('1'!$AQ:$AQ,'1'!$AJ:$AJ=$A26,'1'!$A:$A=$B26),1),""""))"),-2000.0) -> -2000 | M26: =IFERROR(__xludf.DUMMYFUNCTION("IF($B26="""","""",IFERROR(INDEX(FILTER('1'!$AM:$AM,'1'!$AJ:$AJ=$A26,'1'!$A:$A=$B26),1),""""))"),5.0) -> 5 | N26: =F26 -> 1 | O26: =IFERROR(__xludf.DUMMYFUNCTION("IF($B26="""","""",IFERROR(INDEX(FILTER('1'!$AR:$AR,'1'!$AJ:$AJ=$A26,'1'!$A:$A=$B26),1),""""))"),-0.5) -> -0.5 | P26: =IFERROR(__xludf.DUMMYFUNCTION("IF($B26="""","""",IFERROR(INDEX(FILTER('1'!$AS:$AS,'1'!$AJ:$AJ=$A26,'1'!$A:$A=$B26),1),""""))"),13.0) -> 13 | Q26: =IFERROR(__xludf.DUMMYFUNCTION("IF($B26="""","""",IFERROR(INDEX(FILTER('1'!$AU:$AU,'1'!$AJ:$AJ=$A26,'1'!$A:$A=$B26),1),""""))"),-2.5) -> -2.5
A27: 3 | B27: 46167 | C27: =IF(B27="","",TEXT(B27,"ddd")) -> 月 | D27: =IFERROR(__xludf.DUMMYFUNCTION("IF($B27="""","""",IFERROR(INDEX(FILTER('1'!$AK:$AK,'1'!$AJ:$AJ=$A27,'1'!$A:$A=$B27),1),""""))"),1166.0) -> 1166 | E27: =IFERROR(__xludf.DUMMYFUNCTION("IF($B27="""","""",IFERROR(INDEX(FILTER('1'!$AM:$AM,'1'!$AJ:$AJ=$A27,'1'!$A:$A=$B27),1),""""))"),6.0) -> 6 | F27: =IFERROR(__xludf.DUMMYFUNCTION("IF($B27="""","""",IFERROR(INDEX(FILTER('1'!$AN:$AN,'1'!$AJ:$AJ=$A27,'1'!$A:$A=$B27),1),""""))"),-3.0) -> -3 | H27: =IFERROR(__xludf.DUMMYFUNCTION("IF($B27="""","""",IFERROR(INDEX(FILTER('1'!$AO:$AO,'1'!$AJ:$AJ=$A27,'1'!$A:$A=$B27),1),""""))"),2957.0) -> 2957 | I27: =IFERROR(__xludf.DUMMYFUNCTION("IF($B27="""","""",IFERROR(INDEX(FILTER('1'!$AP:$AP,'1'!$AJ:$AJ=$A27,'1'!$A:$A=$B27),1),""""))"),393.0) -> 393 | J27: =IFERROR(__xludf.DUMMYFUNCTION("IF($B27="""","""",IFERROR(INDEX(FILTER('1'!$AQ:$AQ,'1'!$AJ:$AJ=$A27,'1'!$A:$A=$B27),1),""""))"),-4000.0) -> -4000 | M27: =IFERROR(__xludf.DUMMYFUNCTION("IF($B27="""","""",IFERROR(INDEX(FILTER('1'!$AM:$AM,'1'!$AJ:$AJ=$A27,'1'!$A:$A=$B27),1),""""))"),6.0) -> 6 | N27: =F27 -> -3 | O27: =IFERROR(__xludf.DUMMYFUNCTION("IF($B27="""","""",IFERROR(INDEX(FILTER('1'!$AR:$AR,'1'!$AJ:$AJ=$A27,'1'!$A:$A=$B27),1),""""))"),1.0) -> 1 | P27: =IFERROR(__xludf.DUMMYFUNCTION("IF($B27="""","""",IFERROR(INDEX(FILTER('1'!$AS:$AS,'1'!$AJ:$AJ=$A27,'1'!$A:$A=$B27),1),""""))"),10.0) -> 10 | Q27: =IFERROR(__xludf.DUMMYFUNCTION("IF($B27="""","""",IFERROR(INDEX(FILTER('1'!$AU:$AU,'1'!$AJ:$AJ=$A27,'1'!$A:$A=$B27),1),""""))"),0.0) -> 0
A28: 3 | B28: 46168 | C28: =IF(B28="","",TEXT(B28,"ddd")) -> 火 | D28: =IFERROR(__xludf.DUMMYFUNCTION("IF($B28="""","""",IFERROR(INDEX(FILTER('1'!$AK:$AK,'1'!$AJ:$AJ=$A28,'1'!$A:$A=$B28),1),""""))"),1166.0) -> 1166 | E28: =IFERROR(__xludf.DUMMYFUNCTION("IF($B28="""","""",IFERROR(INDEX(FILTER('1'!$AM:$AM,'1'!$AJ:$AJ=$A28,'1'!$A:$A=$B28),1),""""))"),7.0) -> 7 | F28: =IFERROR(__xludf.DUMMYFUNCTION("IF($B28="""","""",IFERROR(INDEX(FILTER('1'!$AN:$AN,'1'!$AJ:$AJ=$A28,'1'!$A:$A=$B28),1),""""))"),4.0) -> 4 | H28: =IFERROR(__xludf.DUMMYFUNCTION("IF($B28="""","""",IFERROR(INDEX(FILTER('1'!$AO:$AO,'1'!$AJ:$AJ=$A28,'1'!$A:$A=$B28),1),""""))"),4239.0) -> 4239 | I28: =IFERROR(__xludf.DUMMYFUNCTION("IF($B28="""","""",IFERROR(INDEX(FILTER('1'!$AP:$AP,'1'!$AJ:$AJ=$A28,'1'!$A:$A=$B28),1),""""))"),5480.0) -> 5480 | J28: =IFERROR(__xludf.DUMMYFUNCTION("IF($B28="""","""",IFERROR(INDEX(FILTER('1'!$AQ:$AQ,'1'!$AJ:$AJ=$A28,'1'!$A:$A=$B28),1),""""))"),2200.0) -> 2200 | M28: =IFERROR(__xludf.DUMMYFUNCTION("IF($B28="""","""",IFERROR(INDEX(FILTER('1'!$AM:$AM,'1'!$AJ:$AJ=$A28,'1'!$A:$A=$B28),1),""""))"),7.0) -> 7 | N28: =F28 -> 4 | O28: =IFERROR(__xludf.DUMMYFUNCTION("IF($B28="""","""",IFERROR(INDEX(FILTER('1'!$AR:$AR,'1'!$AJ:$AJ=$A28,'1'!$A:$A=$B28),1),""""))"),0.0) -> 0 | P28: =IFERROR(__xludf.DUMMYFUNCTION("IF($B28="""","""",IFERROR(INDEX(FILTER('1'!$AS:$AS,'1'!$AJ:$AJ=$A28,'1'!$A:$A=$B28),1),""""))"),11.0) -> 11 | Q28: =IFERROR(__xludf.DUMMYFUNCTION("IF($B28="""","""",IFERROR(INDEX(FILTER('1'!$AU:$AU,'1'!$AJ:$AJ=$A28,'1'!$A:$A=$B28),1),""""))"),-1.0) -> -1
A29: 3 | B29: 46169 | C29: =IF(B29="","",TEXT(B29,"ddd")) -> 水 | D29: =IFERROR(__xludf.DUMMYFUNCTION("IF($B29="""","""",IFERROR(INDEX(FILTER('1'!$AK:$AK,'1'!$AJ:$AJ=$A29,'1'!$A:$A=$B29),1),""""))"),1166.0) -> 1166 | E29: =IFERROR(__xludf.DUMMYFUNCTION("IF($B29="""","""",IFERROR(INDEX(FILTER('1'!$AM:$AM,'1'!$AJ:$AJ=$A29,'1'!$A:$A=$B29),1),""""))"),1.0) -> 1 | F29: =IFERROR(__xludf.DUMMYFUNCTION("IF($B29="""","""",IFERROR(INDEX(FILTER('1'!$AN:$AN,'1'!$AJ:$AJ=$A29,'1'!$A:$A=$B29),1),""""))"),1.0) -> 1 | G29: =IF(COUNT(F23:F29)=0,"",SUM(F23:F29)/7) -> 0.57142857 | H29: =IFERROR(__xludf.DUMMYFUNCTION("IF($B29="""","""",IFERROR(INDEX(FILTER('1'!$AO:$AO,'1'!$AJ:$AJ=$A29,'1'!$A:$A=$B29),1),""""))"),4091.0) -> 4091 | I29: =IFERROR(__xludf.DUMMYFUNCTION("IF($B29="""","""",IFERROR(INDEX(FILTER('1'!$AP:$AP,'1'!$AJ:$AJ=$A29,'1'!$A:$A=$B29),1),""""))"),2484.0) -> 2484 | J29: =IFERROR(__xludf.DUMMYFUNCTION("IF($B29="""","""",IFERROR(INDEX(FILTER('1'!$AQ:$AQ,'1'!$AJ:$AJ=$A29,'1'!$A:$A=$B29),1),""""))"),-1600.0) -> -1600 | K29: {=SUM(IFERROR(VALUE(J23:J29),0))} -> -12600 | M29: =IFERROR(__xludf.DUMMYFUNCTION("IF($B29="""","""",IFERROR(INDEX(FILTER('1'!$AM:$AM,'1'!$AJ:$AJ=$A29,'1'!$A:$A=$B29),1),""""))"),1.0) -> 1 | N29: =F29 -> 1 | O29: =IFERROR(__xludf.DUMMYFUNCTION("IF($B29="""","""",IFERROR(INDEX(FILTER('1'!$AR:$AR,'1'!$AJ:$AJ=$A29,'1'!$A:$A=$B29),1),""""))"),2.5) -> 2.5 | P29: =IFERROR(__xludf.DUMMYFUNCTION("IF($B29="""","""",IFERROR(INDEX(FILTER('1'!$AS:$AS,'1'!$AJ:$AJ=$A29,'1'!$A:$A=$B29),1),""""))"),6.0) -> 6 | Q29: =IFERROR(__xludf.DUMMYFUNCTION("IF($B29="""","""",IFERROR(INDEX(FILTER('1'!$AU:$AU,'1'!$AJ:$AJ=$A29,'1'!$A:$A=$B29),1),""""))"),3.5) -> 3.5
A30: 3 | B30: 46170 | C30: =IF(B30="","",TEXT(B30,"ddd")) -> 木 | D30: =IFERROR(__xludf.DUMMYFUNCTION("IF($B30="""","""",IFERROR(INDEX(FILTER('1'!$AK:$AK,'1'!$AJ:$AJ=$A30,'1'!$A:$A=$B30),1),""""))"),1166.0) -> 1166 | E30: =IFERROR(__xludf.DUMMYFUNCTION("IF($B30="""","""",IFERROR(INDEX(FILTER('1'!$AM:$AM,'1'!$AJ:$AJ=$A30,'1'!$A:$A=$B30),1),""""))"),2.0) -> 2 | H30: =IFERROR(__xludf.DUMMYFUNCTION("IF($B30="""","""",IFERROR(INDEX(FILTER('2'!$AK:$AK,'2'!$AH:$AH=$A30,'2'!$A:$A=$B30),1),""""))"),"") | I30: =IFERROR(__xludf.DUMMYFUNCTION("IF($B30="""","""",IFERROR(INDEX(FILTER('2'!$AL:$AL,'2'!$AH:$AH=$A30,'2'!$A:$A=$B30),1),""""))"),"") | J30: =IFERROR(__xludf.DUMMYFUNCTION("IF($B30="""","""",IFERROR(INDEX(FILTER('2'!$AM:$AM,'2'!$AH:$AH=$A30,'2'!$A:$A=$B30),1),""""))"),"") | M30: =IFERROR(__xludf.DUMMYFUNCTION("IF($B30="""","""",IFERROR(INDEX(FILTER('1'!$AM:$AM,'1'!$AJ:$AJ=$A30,'1'!$A:$A=$B30),1),""""))"),2.0) -> 2 | N30: =F30 | O30: =IFERROR(__xludf.DUMMYFUNCTION("IF($B30="""","""",IFERROR(INDEX(FILTER('1'!$AR:$AR,'1'!$AJ:$AJ=$A30,'1'!$A:$A=$B30),1),""""))"),"") | P30: =IFERROR(__xludf.DUMMYFUNCTION("IF($B30="""","""",IFERROR(INDEX(FILTER('1'!$AS:$AS,'1'!$AJ:$AJ=$A30,'1'!$A:$A=$B30),1),""""))"),"") | Q30: =IFERROR(__xludf.DUMMYFUNCTION("IF($B30="""","""",IFERROR(INDEX(FILTER('1'!$AU:$AU,'1'!$AJ:$AJ=$A30,'1'!$A:$A=$B30),1),""""))"),0.0) -> 0 | R30: =D30 -> 1166
A31: 3 | N31: =F31
A32: 3 | C32: =IF(B32="","",TEXT(B32,"ddd")) | N32: =F32
A33: 4 | B33: 46163 | C33: =IF(B33="","",TEXT(B33,"ddd")) -> 木 | D33: =IFERROR(__xludf.DUMMYFUNCTION("IF($B33="""","""",IFERROR(INDEX(FILTER('1'!$BA:$BA,'1'!$AZ:$AZ=$A33,'1'!$A:$A=$B33),1),""""))"),1167.0) -> 1167 | E33: =IFERROR(__xludf.DUMMYFUNCTION("IF($B33="""","""",IFERROR(INDEX(FILTER('1'!$BC:$BC,'1'!$AZ:$AZ=$A33,'1'!$A:$A=$B33),1),""""))"),3.0) -> 3 | F33: =IFERROR(__xludf.DUMMYFUNCTION("IF($B33="""","""",IFERROR(INDEX(FILTER('1'!$BD:$BD,'1'!$AZ:$AZ=$A33,'1'!$A:$A=$B33),1),""""))"),4.0) -> 4 | H33: =IFERROR(__xludf.DUMMYFUNCTION("IF($B33="""","""",IFERROR(INDEX(FILTER('1'!$BE:$BE,'1'!$AZ:$AZ=$A33,'1'!$A:$A=$B33),1),""""))"),2395.0) -> 2395 | I33: =IFERROR(__xludf.DUMMYFUNCTION("IF($B33="""","""",IFERROR(INDEX(FILTER('1'!$BF:$BF,'1'!$AZ:$AZ=$A33,'1'!$A:$A=$B33),1),""""))"),6014.0) -> 6014 | J33: =IFERROR(__xludf.DUMMYFUNCTION("IF($B33="""","""",IFERROR(INDEX(FILTER('1'!$BG:$BG,'1'!$AZ:$AZ=$A33,'1'!$A:$A=$B33),1),""""))"),5800.0) -> 5800 | M33: =IFERROR(__xludf.DUMMYFUNCTION("IF($B33="""","""",IFERROR(INDEX(FILTER('1'!$BC:$BC,'1'!$AZ:$AZ=$A33,'1'!$A:$A=$B33),1),""""))"),3.0) -> 3 | N33: =F33 -> 4 | O33: =IFERROR(__xludf.DUMMYFUNCTION("IF($B33="""","""",IFERROR(INDEX(FILTER('1'!$BH:$BH,'1'!$AZ:$AZ=$A33,'1'!$A:$A=$B33),1),""""))"),3.0) -> 3 | P33: =IFERROR(__xludf.DUMMYFUNCTION("IF($B33="""","""",IFERROR(INDEX(FILTER('1'!$BI:$BI,'1'!$AZ:$AZ=$A33,'1'!$A:$A=$B33),1),""""))"),7.0) -> 7 | Q33: =IFERROR(__xludf.DUMMYFUNCTION("IF($B33="""","""",IFERROR(INDEX(FILTER('1'!$BK:$BK,'1'!$AZ:$AZ=$A33,'1'!$A:$A=$B33),1),""""))"),4.0) -> 4
A34: 4 | B34: 46164 | C34: =IF(B34="","",TEXT(B34,"ddd")) -> 金 | D34: =IFERROR(__xludf.DUMMYFUNCTION("IF($B34="""","""",IFERROR(INDEX(FILTER('1'!$BA:$BA,'1'!$AZ:$AZ=$A34,'1'!$A:$A=$B34),1),""""))"),1167.0) -> 1167 | E34: =IFERROR(__xludf.DUMMYFUNCTION("IF($B34="""","""",IFERROR(INDEX(FILTER('1'!$BC:$BC,'1'!$AZ:$AZ=$A34,'1'!$A:$A=$B34),1),""""))"),1.0) -> 1 | F34: =IFERROR(__xludf.DUMMYFUNCTION("IF($B34="""","""",IFERROR(INDEX(FILTER('1'!$BD:$BD,'1'!$AZ:$AZ=$A34,'1'!$A:$A=$B34),1),""""))"),1.0) -> 1 | H34: =IFERROR(__xludf.DUMMYFUNCTION("IF($B34="""","""",IFERROR(INDEX(FILTER('1'!$BE:$BE,'1'!$AZ:$AZ=$A34,'1'!$A:$A=$B34),1),""""))"),3729.0) -> 3729 | I34: =IFERROR(__xludf.DUMMYFUNCTION("IF($B34="""","""",IFERROR(INDEX(FILTER('1'!$BF:$BF,'1'!$AZ:$AZ=$A34,'1'!$A:$A=$B34),1),""""))"),1476.0) -> 1476 | J34: =IFERROR(__xludf.DUMMYFUNCTION("IF($B34="""","""",IFERROR(INDEX(FILTER('1'!$BG:$BG,'1'!$AZ:$AZ=$A34,'1'!$A:$A=$B34),1),""""))"),-1600.0) -> -1600 | M34: =IFERROR(__xludf.DUMMYFUNCTION("IF($B34="""","""",IFERROR(INDEX(FILTER('1'!$BC:$BC,'1'!$AZ:$AZ=$A34,'1'!$A:$A=$B34),1),""""))"),1.0) -> 1 | N34: =F34 -> 1 | O34: =IFERROR(__xludf.DUMMYFUNCTION("IF($B34="""","""",IFERROR(INDEX(FILTER('1'!$BH:$BH,'1'!$AZ:$AZ=$A34,'1'!$A:$A=$B34),1),""""))"),3.5) -> 3.5 | P34: =IFERROR(__xludf.DUMMYFUNCTION("IF($B34="""","""",IFERROR(INDEX(FILTER('1'!$BI:$BI,'1'!$AZ:$AZ=$A34,'1'!$A:$A=$B34),1),""""))"),4.0) -> 4 | Q34: =IFERROR(__xludf.DUMMYFUNCTION("IF($B34="""","""",IFERROR(INDEX(FILTER('1'!$BK:$BK,'1'!$AZ:$AZ=$A34,'1'!$A:$A=$B34),1),""""))"),5.5) -> 5.5
A35: 4 | B35: 46165 | C35: =IF(B35="","",TEXT(B35,"ddd")) -> 土 | D35: =IFERROR(__xludf.DUMMYFUNCTION("IF($B35="""","""",IFERROR(INDEX(FILTER('1'!$BA:$BA,'1'!$AZ:$AZ=$A35,'1'!$A:$A=$B35),1),""""))"),1167.0) -> 1167 | E35: =IFERROR(__xludf.DUMMYFUNCTION("IF($B35="""","""",IFERROR(INDEX(FILTER('1'!$BC:$BC,'1'!$AZ:$AZ=$A35,'1'!$A:$A=$B35),1),""""))"),2.0) -> 2 | F35: =IFERROR(__xludf.DUMMYFUNCTION("IF($B35="""","""",IFERROR(INDEX(FILTER('1'!$BD:$BD,'1'!$AZ:$AZ=$A35,'1'!$A:$A=$B35),1),""""))"),-1.0) -> -1 | H35: =IFERROR(__xludf.DUMMYFUNCTION("IF($B35="""","""",IFERROR(INDEX(FILTER('1'!$BE:$BE,'1'!$AZ:$AZ=$A35,'1'!$A:$A=$B35),1),""""))"),6555.0) -> 6555 | I35: =IFERROR(__xludf.DUMMYFUNCTION("IF($B35="""","""",IFERROR(INDEX(FILTER('1'!$BF:$BF,'1'!$AZ:$AZ=$A35,'1'!$A:$A=$B35),1),""""))"),1136.0) -> 1136 | J35: =IFERROR(__xludf.DUMMYFUNCTION("IF($B35="""","""",IFERROR(INDEX(FILTER('1'!$BG:$BG,'1'!$AZ:$AZ=$A35,'1'!$A:$A=$B35),1),""""))"),-3000.0) -> -3000 | M35: =IFERROR(__xludf.DUMMYFUNCTION("IF($B35="""","""",IFERROR(INDEX(FILTER('1'!$BC:$BC,'1'!$AZ:$AZ=$A35,'1'!$A:$A=$B35),1),""""))"),2.0) -> 2 | N35: =F35 -> -1 | O35: =IFERROR(__xludf.DUMMYFUNCTION("IF($B35="""","""",IFERROR(INDEX(FILTER('1'!$BH:$BH,'1'!$AZ:$AZ=$A35,'1'!$A:$A=$B35),1),""""))"),2.5) -> 2.5 | P35: =IFERROR(__xludf.DUMMYFUNCTION("IF($B35="""","""",IFERROR(INDEX(FILTER('1'!$BI:$BI,'1'!$AZ:$AZ=$A35,'1'!$A:$A=$B35),1),""""))"),6.0) -> 6 | Q35: =IFERROR(__xludf.DUMMYFUNCTION("IF($B35="""","""",IFERROR(INDEX(FILTER('1'!$BK:$BK,'1'!$AZ:$AZ=$A35,'1'!$A:$A=$B35),1),""""))"),3.5) -> 3.5
A36: 4 | B36: 46166 | C36: =IF(B36="","",TEXT(B36,"ddd")) -> 日 | D36: =IFERROR(__xludf.DUMMYFUNCTION("IF($B36="""","""",IFERROR(INDEX(FILTER('1'!$BA:$BA,'1'!$AZ:$AZ=$A36,'1'!$A:$A=$B36),1),""""))"),1167.0) -> 1167 | E36: =IFERROR(__xludf.DUMMYFUNCTION("IF($B36="""","""",IFERROR(INDEX(FILTER('1'!$BC:$BC,'1'!$AZ:$AZ=$A36,'1'!$A:$A=$B36),1),""""))"),3.0) -> 3 | F36: =IFERROR(__xludf.DUMMYFUNCTION("IF($B36="""","""",IFERROR(INDEX(FILTER('1'!$BD:$BD,'1'!$AZ:$AZ=$A36,'1'!$A:$A=$B36),1),""""))"),6.0) -> 6 | H36: =IFERROR(__xludf.DUMMYFUNCTION("IF($B36="""","""",IFERROR(INDEX(FILTER('1'!$BE:$BE,'1'!$AZ:$AZ=$A36,'1'!$A:$A=$B36),1),""""))"),8753.0) -> 8753 | I36: =IFERROR(__xludf.DUMMYFUNCTION("IF($B36="""","""",IFERROR(INDEX(FILTER('1'!$BF:$BF,'1'!$AZ:$AZ=$A36,'1'!$A:$A=$B36),1),""""))"),12005.0) -> 12005 | J36: =IFERROR(__xludf.DUMMYFUNCTION("IF($B36="""","""",IFERROR(INDEX(FILTER('1'!$BG:$BG,'1'!$AZ:$AZ=$A36,'1'!$A:$A=$B36),1),""""))"),10000.0) -> 10000 | M36: =IFERROR(__xludf.DUMMYFUNCTION("IF($B36="""","""",IFERROR(INDEX(FILTER('1'!$BC:$BC,'1'!$AZ:$AZ=$A36,'1'!$A:$A=$B36),1),""""))"),3.0) -> 3 | N36: =F36 -> 6 | O36: =IFERROR(__xludf.DUMMYFUNCTION("IF($B36="""","""",IFERROR(INDEX(FILTER('1'!$BH:$BH,'1'!$AZ:$AZ=$A36,'1'!$A:$A=$B36),1),""""))"),2.0) -> 2 | P36: =IFERROR(__xludf.DUMMYFUNCTION("IF($B36="""","""",IFERROR(INDEX(FILTER('1'!$BI:$BI,'1'!$AZ:$AZ=$A36,'1'!$A:$A=$B36),1),""""))"),11.0) -> 11 | Q36: =IFERROR(__xludf.DUMMYFUNCTION("IF($B36="""","""",IFERROR(INDEX(FILTER('1'!$BK:$BK,'1'!$AZ:$AZ=$A36,'1'!$A:$A=$B36),1),""""))"),1.0) -> 1
A37: 4 | B37: 46167 | C37: =IF(B37="","",TEXT(B37,"ddd")) -> 月 | D37: =IFERROR(__xludf.DUMMYFUNCTION("IF($B37="""","""",IFERROR(INDEX(FILTER('1'!$BA:$BA,'1'!$AZ:$AZ=$A37,'1'!$A:$A=$B37),1),""""))"),1167.0) -> 1167 | E37: =IFERROR(__xludf.DUMMYFUNCTION("IF($B37="""","""",IFERROR(INDEX(FILTER('1'!$BC:$BC,'1'!$AZ:$AZ=$A37,'1'!$A:$A=$B37),1),""""))"),1.0) -> 1 | F37: =IFERROR(__xludf.DUMMYFUNCTION("IF($B37="""","""",IFERROR(INDEX(FILTER('1'!$BD:$BD,'1'!$AZ:$AZ=$A37,'1'!$A:$A=$B37),1),""""))"),1.0) -> 1 | H37: =IFERROR(__xludf.DUMMYFUNCTION("IF($B37="""","""",IFERROR(INDEX(FILTER('1'!$BE:$BE,'1'!$AZ:$AZ=$A37,'1'!$A:$A=$B37),1),""""))"),1865.0) -> 1865 | I37: =IFERROR(__xludf.DUMMYFUNCTION("IF($B37="""","""",IFERROR(INDEX(FILTER('1'!$BF:$BF,'1'!$AZ:$AZ=$A37,'1'!$A:$A=$B37),1),""""))"),935.0) -> 935 | J37: =IFERROR(__xludf.DUMMYFUNCTION("IF($B37="""","""",IFERROR(INDEX(FILTER('1'!$BG:$BG,'1'!$AZ:$AZ=$A37,'1'!$A:$A=$B37),1),""""))"),-1500.0) -> -1500 | M37: =IFERROR(__xludf.DUMMYFUNCTION("IF($B37="""","""",IFERROR(INDEX(FILTER('1'!$BC:$BC,'1'!$AZ:$AZ=$A37,'1'!$A:$A=$B37),1),""""))"),1.0) -> 1 | N37: =F37 -> 1 | O37: =IFERROR(__xludf.DUMMYFUNCTION("IF($B37="""","""",IFERROR(INDEX(FILTER('1'!$BH:$BH,'1'!$AZ:$AZ=$A37,'1'!$A:$A=$B37),1),""""))"),2.5) -> 2.5 | P37: =IFERROR(__xludf.DUMMYFUNCTION("IF($B37="""","""",IFERROR(INDEX(FILTER('1'!$BI:$BI,'1'!$AZ:$AZ=$A37,'1'!$A:$A=$B37),1),""""))"),4.0) -> 4 | Q37: =IFERROR(__xludf.DUMMYFUNCTION("IF($B37="""","""",IFERROR(INDEX(FILTER('1'!$BK:$BK,'1'!$AZ:$AZ=$A37,'1'!$A:$A=$B37),1),""""))"),4.5) -> 4.5
A38: 4 | B38: 46168 | C38: =IF(B38="","",TEXT(B38,"ddd")) -> 火 | D38: =IFERROR(__xludf.DUMMYFUNCTION("IF($B38="""","""",IFERROR(INDEX(FILTER('1'!$BA:$BA,'1'!$AZ:$AZ=$A38,'1'!$A:$A=$B38),1),""""))"),1167.0) -> 1167 | E38: =IFERROR(__xludf.DUMMYFUNCTION("IF($B38="""","""",IFERROR(INDEX(FILTER('1'!$BC:$BC,'1'!$AZ:$AZ=$A38,'1'!$A:$A=$B38),1),""""))"),2.0) -> 2 | F38: =IFERROR(__xludf.DUMMYFUNCTION("IF($B38="""","""",IFERROR(INDEX(FILTER('1'!$BD:$BD,'1'!$AZ:$AZ=$A38,'1'!$A:$A=$B38),1),""""))"),-1.0) -> -1 | H38: =IFERROR(__xludf.DUMMYFUNCTION("IF($B38="""","""",IFERROR(INDEX(FILTER('1'!$BE:$BE,'1'!$AZ:$AZ=$A38,'1'!$A:$A=$B38),1),""""))"),6833.0) -> 6833 | I38: =IFERROR(__xludf.DUMMYFUNCTION("IF($B38="""","""",IFERROR(INDEX(FILTER('1'!$BF:$BF,'1'!$AZ:$AZ=$A38,'1'!$A:$A=$B38),1),""""))"),1910.0) -> 1910 | J38: =IFERROR(__xludf.DUMMYFUNCTION("IF($B38="""","""",IFERROR(INDEX(FILTER('1'!$BG:$BG,'1'!$AZ:$AZ=$A38,'1'!$A:$A=$B38),1),""""))"),-3000.0) -> -3000 | M38: =IFERROR(__xludf.DUMMYFUNCTION("IF($B38="""","""",IFERROR(INDEX(FILTER('1'!$BC:$BC,'1'!$AZ:$AZ=$A38,'1'!$A:$A=$B38),1),""""))"),2.0) -> 2 | N38: =F38 -> -1 | O38: =IFERROR(__xludf.DUMMYFUNCTION("IF($B38="""","""",IFERROR(INDEX(FILTER('1'!$BH:$BH,'1'!$AZ:$AZ=$A38,'1'!$A:$A=$B38),1),""""))"),3.0) -> 3 | P38: =IFERROR(__xludf.DUMMYFUNCTION("IF($B38="""","""",IFERROR(INDEX(FILTER('1'!$BI:$BI,'1'!$AZ:$AZ=$A38,'1'!$A:$A=$B38),1),""""))"),6.0) -> 6 | Q38: =IFERROR(__xludf.DUMMYFUNCTION("IF($B38="""","""",IFERROR(INDEX(FILTER('1'!$BK:$BK,'1'!$AZ:$AZ=$A38,'1'!$A:$A=$B38),1),""""))"),4.0) -> 4
A39: 4 | B39: 46169 | C39: =IF(B39="","",TEXT(B39,"ddd")) -> 水 | D39: =IFERROR(__xludf.DUMMYFUNCTION("IF($B39="""","""",IFERROR(INDEX(FILTER('1'!$BA:$BA,'1'!$AZ:$AZ=$A39,'1'!$A:$A=$B39),1),""""))"),1167.0) -> 1167 | E39: =IFERROR(__xludf.DUMMYFUNCTION("IF($B39="""","""",IFERROR(INDEX(FILTER('1'!$BC:$BC,'1'!$AZ:$AZ=$A39,'1'!$A:$A=$B39),1),""""))"),3.0) -> 3 | F39: =IFERROR(__xludf.DUMMYFUNCTION("IF($B39="""","""",IFERROR(INDEX(FILTER('1'!$BD:$BD,'1'!$AZ:$AZ=$A39,'1'!$A:$A=$B39),1),""""))"),-3.0) -> -3 | G39: =IF(COUNT(F33:F39)=0,"",SUM(F33:F39)/7) -> 1 | H39: =IFERROR(__xludf.DUMMYFUNCTION("IF($B39="""","""",IFERROR(INDEX(FILTER('1'!$BE:$BE,'1'!$AZ:$AZ=$A39,'1'!$A:$A=$B39),1),""""))"),2987.0) -> 2987 | I39: =IFERROR(__xludf.DUMMYFUNCTION("IF($B39="""","""",IFERROR(INDEX(FILTER('1'!$BF:$BF,'1'!$AZ:$AZ=$A39,'1'!$A:$A=$B39),1),""""))"),409.0) -> 409 | J39: =IFERROR(__xludf.DUMMYFUNCTION("IF($B39="""","""",IFERROR(INDEX(FILTER('1'!$BG:$BG,'1'!$AZ:$AZ=$A39,'1'!$A:$A=$B39),1),""""))"),-4000.0) -> -4000 | K39: {=SUM(IFERROR(VALUE(J33:J39),0))} -> 2700 | M39: =IFERROR(__xludf.DUMMYFUNCTION("IF($B39="""","""",IFERROR(INDEX(FILTER('1'!$BC:$BC,'1'!$AZ:$AZ=$A39,'1'!$A:$A=$B39),1),""""))"),3.0) -> 3 | N39: =F39 -> -3 | O39: =IFERROR(__xludf.DUMMYFUNCTION("IF($B39="""","""",IFERROR(INDEX(FILTER('1'!$BH:$BH,'1'!$AZ:$AZ=$A39,'1'!$A:$A=$B39),1),""""))"),3.0) -> 3 | P39: =IFERROR(__xludf.DUMMYFUNCTION("IF($B39="""","""",IFERROR(INDEX(FILTER('1'!$BI:$BI,'1'!$AZ:$AZ=$A39,'1'!$A:$A=$B39),1),""""))"),8.0) -> 8 | Q39: =IFERROR(__xludf.DUMMYFUNCTION("IF($B39="""","""",IFERROR(INDEX(FILTER('1'!$BK:$BK,'1'!$AZ:$AZ=$A39,'1'!$A:$A=$B39),1),""""))"),3.0) -> 3
A40: 4 | B40: 46170 | C40: =IF(B40="","",TEXT(B40,"ddd")) -> 木 | D40: =IFERROR(__xludf.DUMMYFUNCTION("IF($B40="""","""",IFERROR(INDEX(FILTER('1'!$BA:$BA,'1'!$AZ:$AZ=$A40,'1'!$A:$A=$B40),1),""""))"),1167.0) -> 1167 | E40: =IFERROR(__xludf.DUMMYFUNCTION("IF($B40="""","""",IFERROR(INDEX(FILTER('1'!$BC:$BC,'1'!$AZ:$AZ=$A40,'1'!$A:$A=$B40),1),""""))"),4.0) -> 4 | H40: =IFERROR(__xludf.DUMMYFUNCTION("IF($B40="""","""",IFERROR(INDEX(FILTER('2'!$AZ:$AZ,'2'!$AW:$AW=$A40,'2'!$A:$A=$B40),1),""""))"),"") | I40: =IFERROR(__xludf.DUMMYFUNCTION("IF($B40="""","""",IFERROR(INDEX(FILTER('2'!$BA:$BA,'2'!$AW:$AW=$A40,'2'!$A:$A=$B40),1),""""))"),"") | J40: =IFERROR(__xludf.DUMMYFUNCTION("IF($B40="""","""",IFERROR(INDEX(FILTER('2'!$BB:$BB,'2'!$AW:$AW=$A40,'2'!$A:$A=$B40),1),""""))"),"") | M40: =IFERROR(__xludf.DUMMYFUNCTION("IF($B40="""","""",IFERROR(INDEX(FILTER('1'!$BC:$BC,'1'!$AZ:$AZ=$A40,'1'!$A:$A=$B40),1),""""))"),4.0) -> 4 | N40: =F40 | O40: =IFERROR(__xludf.DUMMYFUNCTION("IF($B40="""","""",IFERROR(INDEX(FILTER('1'!$BH:$BH,'1'!$AZ:$AZ=$A40,'1'!$A:$A=$B40),1),""""))"),"") | P40: =IFERROR(__xludf.DUMMYFUNCTION("IF($B40="""","""",IFERROR(INDEX(FILTER('1'!$BI:$BI,'1'!$AZ:$AZ=$A40,'1'!$A:$A=$B40),1),""""))"),"") | Q40: =IFERROR(__xludf.DUMMYFUNCTION("IF($B40="""","""",IFERROR(INDEX(FILTER('1'!$BK:$BK,'1'!$AZ:$AZ=$A40,'1'!$A:$A=$B40),1),""""))"),0.0) -> 0 | R40: =D40 -> 1167
A41: 4 | N41: =F41
A42: 4 | C42: =IF(B42="","",TEXT(B42,"ddd")) | N42: =F42
A43: 5 | B43: 46163 | C43: =IF(B43="","",TEXT(B43,"ddd")) -> 木 | D43: =IFERROR(__xludf.DUMMYFUNCTION("IF($B43="""","""",IFERROR(INDEX(FILTER('1'!$BQ:$BQ,'1'!$BP:$BP=$A43,'1'!$A:$A=$B43),1),""""))"),1168.0) -> 1168 | E43: =IFERROR(__xludf.DUMMYFUNCTION("IF($B43="""","""",IFERROR(INDEX(FILTER('1'!$BS:$BS,'1'!$BP:$BP=$A43,'1'!$A:$A=$B43),1),""""))"),9.0) -> 9 | F43: =IFERROR(__xludf.DUMMYFUNCTION("IF($B43="""","""",IFERROR(INDEX(FILTER('1'!$BT:$BT,'1'!$BP:$BP=$A43,'1'!$A:$A=$B43),1),""""))"),1.0) -> 1 | H43: =IFERROR(__xludf.DUMMYFUNCTION("IF($B43="""","""",IFERROR(INDEX(FILTER('1'!$BU:$BU,'1'!$BP:$BP=$A43,'1'!$A:$A=$B43),1),""""))"),6124.0) -> 6124 | I43: =IFERROR(__xludf.DUMMYFUNCTION("IF($B43="""","""",IFERROR(INDEX(FILTER('1'!$BV:$BV,'1'!$BP:$BP=$A43,'1'!$A:$A=$B43),1),""""))"),2781.0) -> 2781 | J43: =IFERROR(__xludf.DUMMYFUNCTION("IF($B43="""","""",IFERROR(INDEX(FILTER('1'!$BW:$BW,'1'!$BP:$BP=$A43,'1'!$A:$A=$B43),1),""""))"),-2300.0) -> -2300 | M43: =IFERROR(__xludf.DUMMYFUNCTION("IF($B43="""","""",IFERROR(INDEX(FILTER('1'!$BS:$BS,'1'!$BP:$BP=$A43,'1'!$A:$A=$B43),1),""""))"),9.0) -> 9 | N43: =F43 -> 1 | O43: =IFERROR(__xludf.DUMMYFUNCTION("IF($B43="""","""",IFERROR(INDEX(FILTER('1'!$BX:$BX,'1'!$BP:$BP=$A43,'1'!$A:$A=$B43),1),""""))"),1.5) -> 1.5 | P43: =IFERROR(__xludf.DUMMYFUNCTION("IF($B43="""","""",IFERROR(INDEX(FILTER('1'!$BY:$BY,'1'!$BP:$BP=$A43,'1'!$A:$A=$B43),1),""""))"),11.0) -> 11 | Q43: =IFERROR(__xludf.DUMMYFUNCTION("IF($B43="""","""",IFERROR(INDEX(FILTER('1'!$CA:$CA,'1'!$BP:$BP=$A43,'1'!$A:$A=$B43),1),""""))"),0.5) -> 0.5
A44: 5 | B44: 46164 | C44: =IF(B44="","",TEXT(B44,"ddd")) -> 金 | D44: =IFERROR(__xludf.DUMMYFUNCTION("IF($B44="""","""",IFERROR(INDEX(FILTER('1'!$BQ:$BQ,'1'!$BP:$BP=$A44,'1'!$A:$A=$B44),1),""""))"),1168.0) -> 1168 | E44: =IFERROR(__xludf.DUMMYFUNCTION("IF($B44="""","""",IFERROR(INDEX(FILTER('1'!$BS:$BS,'1'!$BP:$BP=$A44,'1'!$A:$A=$B44),1),""""))"),10.0) -> 10 | F44: =IFERROR(__xludf.DUMMYFUNCTION("IF($B44="""","""",IFERROR(INDEX(FILTER('1'!$BT:$BT,'1'!$BP:$BP=$A44,'1'!$A:$A=$B44),1),""""))"),5.0) -> 5 | H44: =IFERROR(__xludf.DUMMYFUNCTION("IF($B44="""","""",IFERROR(INDEX(FILTER('1'!$BU:$BU,'1'!$BP:$BP=$A44,'1'!$A:$A=$B44),1),""""))"),4853.0) -> 4853 | I44: =IFERROR(__xludf.DUMMYFUNCTION("IF($B44="""","""",IFERROR(INDEX(FILTER('1'!$BV:$BV,'1'!$BP:$BP=$A44,'1'!$A:$A=$B44),1),""""))"),8953.0) -> 8953 | J44: =IFERROR(__xludf.DUMMYFUNCTION("IF($B44="""","""",IFERROR(INDEX(FILTER('1'!$BW:$BW,'1'!$BP:$BP=$A44,'1'!$A:$A=$B44),1),""""))"),7900.0) -> 7900 | M44: =IFERROR(__xludf.DUMMYFUNCTION("IF($B44="""","""",IFERROR(INDEX(FILTER('1'!$BS:$BS,'1'!$BP:$BP=$A44,'1'!$A:$A=$B44),1),""""))"),10.0) -> 10 | N44: =F44 -> 5 | O44: =IFERROR(__xludf.DUMMYFUNCTION("IF($B44="""","""",IFERROR(INDEX(FILTER('1'!$BX:$BX,'1'!$BP:$BP=$A44,'1'!$A:$A=$B44),1),""""))"),1.0) -> 1 | P44: =IFERROR(__xludf.DUMMYFUNCTION("IF($B44="""","""",IFERROR(INDEX(FILTER('1'!$BY:$BY,'1'!$BP:$BP=$A44,'1'!$A:$A=$B44),1),""""))"),3.0) -> 3 | Q44: =IFERROR(__xludf.DUMMYFUNCTION("IF($B44="""","""",IFERROR(INDEX(FILTER('1'!$CA:$CA,'1'!$BP:$BP=$A44,'1'!$A:$A=$B44),1),""""))"),3.5) -> 3.5
A45: 5 | B45: 46165 | C45: =IF(B45="","",TEXT(B45,"ddd")) -> 土 | D45: =IFERROR(__xludf.DUMMYFUNCTION("IF($B45="""","""",IFERROR(INDEX(FILTER('1'!$BQ:$BQ,'1'!$BP:$BP=$A45,'1'!$A:$A=$B45),1),""""))"),1168.0) -> 1168 | E45: =IFERROR(__xludf.DUMMYFUNCTION("IF($B45="""","""",IFERROR(INDEX(FILTER('1'!$BS:$BS,'1'!$BP:$BP=$A45,'1'!$A:$A=$B45),1),""""))"),1.0) -> 1 | F45: =IFERROR(__xludf.DUMMYFUNCTION("IF($B45="""","""",IFERROR(INDEX(FILTER('1'!$BT:$BT,'1'!$BP:$BP=$A45,'1'!$A:$A=$B45),1),""""))"),-2.0) -> -2 | H45: =IFERROR(__xludf.DUMMYFUNCTION("IF($B45="""","""",IFERROR(INDEX(FILTER('1'!$BU:$BU,'1'!$BP:$BP=$A45,'1'!$A:$A=$B45),1),""""))"),5674.0) -> 5674 | I45: =IFERROR(__xludf.DUMMYFUNCTION("IF($B45="""","""",IFERROR(INDEX(FILTER('1'!$BV:$BV,'1'!$BP:$BP=$A45,'1'!$A:$A=$B45),1),""""))"),1510.0) -> 1510 | J45: =IFERROR(__xludf.DUMMYFUNCTION("IF($B45="""","""",IFERROR(INDEX(FILTER('1'!$BW:$BW,'1'!$BP:$BP=$A45,'1'!$A:$A=$B45),1),""""))"),-4000.0) -> -4000 | M45: =IFERROR(__xludf.DUMMYFUNCTION("IF($B45="""","""",IFERROR(INDEX(FILTER('1'!$BS:$BS,'1'!$BP:$BP=$A45,'1'!$A:$A=$B45),1),""""))"),1.0) -> 1 | N45: =F45 -> -2 | O45: =IFERROR(__xludf.DUMMYFUNCTION("IF($B45="""","""",IFERROR(INDEX(FILTER('1'!$BX:$BX,'1'!$BP:$BP=$A45,'1'!$A:$A=$B45),1),""""))"),3.0) -> 3 | P45: =IFERROR(__xludf.DUMMYFUNCTION("IF($B45="""","""",IFERROR(INDEX(FILTER('1'!$BY:$BY,'1'!$BP:$BP=$A45,'1'!$A:$A=$B45),1),""""))"),1.0) -> 1 | Q45: =IFERROR(__xludf.DUMMYFUNCTION("IF($B45="""","""",IFERROR(INDEX(FILTER('1'!$CA:$CA,'1'!$BP:$BP=$A45,'1'!$A:$A=$B45),1),""""))"),6.0) -> 6
A46: 5 | B46: 46166 | C46: =IF(B46="","",TEXT(B46,"ddd")) -> 日 | D46: =IFERROR(__xludf.DUMMYFUNCTION("IF($B46="""","""",IFERROR(INDEX(FILTER('1'!$BQ:$BQ,'1'!$BP:$BP=$A46,'1'!$A:$A=$B46),1),""""))"),1168.0) -> 1168 | E46: =IFERROR(__xludf.DUMMYFUNCTION("IF($B46="""","""",IFERROR(INDEX(FILTER('1'!$BS:$BS,'1'!$BP:$BP=$A46,'1'!$A:$A=$B46),1),""""))"),2.0) -> 2 | F46: =IFERROR(__xludf.DUMMYFUNCTION("IF($B46="""","""",IFERROR(INDEX(FILTER('1'!$BT:$BT,'1'!$BP:$BP=$A46,'1'!$A:$A=$B46),1),""""))"),5.0) -> 5 | H46: =IFERROR(__xludf.DUMMYFUNCTION("IF($B46="""","""",IFERROR(INDEX(FILTER('1'!$BU:$BU,'1'!$BP:$BP=$A46,'1'!$A:$A=$B46),1),""""))"),8447.0) -> 8447 | I46: =IFERROR(__xludf.DUMMYFUNCTION("IF($B46="""","""",IFERROR(INDEX(FILTER('1'!$BV:$BV,'1'!$BP:$BP=$A46,'1'!$A:$A=$B46),1),""""))"),8038.0) -> 8038 | J46: =IFERROR(__xludf.DUMMYFUNCTION("IF($B46="""","""",IFERROR(INDEX(FILTER('1'!$BW:$BW,'1'!$BP:$BP=$A46,'1'!$A:$A=$B46),1),""""))"),3200.0) -> 3200 | M46: =IFERROR(__xludf.DUMMYFUNCTION("IF($B46="""","""",IFERROR(INDEX(FILTER('1'!$BS:$BS,'1'!$BP:$BP=$A46,'1'!$A:$A=$B46),1),""""))"),2.0) -> 2 | N46: =F46 -> 5 | O46: =IFERROR(__xludf.DUMMYFUNCTION("IF($B46="""","""",IFERROR(INDEX(FILTER('1'!$BX:$BX,'1'!$BP:$BP=$A46,'1'!$A:$A=$B46),1),""""))"),1.5) -> 1.5 | P46: =IFERROR(__xludf.DUMMYFUNCTION("IF($B46="""","""",IFERROR(INDEX(FILTER('1'!$BY:$BY,'1'!$BP:$BP=$A46,'1'!$A:$A=$B46),1),""""))"),1.0) -> 1 | Q46: =IFERROR(__xludf.DUMMYFUNCTION("IF($B46="""","""",IFERROR(INDEX(FILTER('1'!$CA:$CA,'1'!$BP:$BP=$A46,'1'!$A:$A=$B46),1),""""))"),4.5) -> 4.5
A47: 5 | B47: 46167 | C47: =IF(B47="","",TEXT(B47,"ddd")) -> 月 | D47: =IFERROR(__xludf.DUMMYFUNCTION("IF($B47="""","""",IFERROR(INDEX(FILTER('1'!$BQ:$BQ,'1'!$BP:$BP=$A47,'1'!$A:$A=$B47),1),""""))"),1168.0) -> 1168 | E47: =IFERROR(__xludf.DUMMYFUNCTION("IF($B47="""","""",IFERROR(INDEX(FILTER('1'!$BS:$BS,'1'!$BP:$BP=$A47,'1'!$A:$A=$B47),1),""""))"),1.0) -> 1 | F47: =IFERROR(__xludf.DUMMYFUNCTION("IF($B47="""","""",IFERROR(INDEX(FILTER('1'!$BT:$BT,'1'!$BP:$BP=$A47,'1'!$A:$A=$B47),1),""""))"),2.0) -> 2 | H47: =IFERROR(__xludf.DUMMYFUNCTION("IF($B47="""","""",IFERROR(INDEX(FILTER('1'!$BU:$BU,'1'!$BP:$BP=$A47,'1'!$A:$A=$B47),1),""""))"),4787.0) -> 4787 | I47: =IFERROR(__xludf.DUMMYFUNCTION("IF($B47="""","""",IFERROR(INDEX(FILTER('1'!$BV:$BV,'1'!$BP:$BP=$A47,'1'!$A:$A=$B47),1),""""))"),3797.0) -> 3797 | J47: =IFERROR(__xludf.DUMMYFUNCTION("IF($B47="""","""",IFERROR(INDEX(FILTER('1'!$BW:$BW,'1'!$BP:$BP=$A47,'1'!$A:$A=$B47),1),""""))"),-300.0) -> -300 | M47: =IFERROR(__xludf.DUMMYFUNCTION("IF($B47="""","""",IFERROR(INDEX(FILTER('1'!$BS:$BS,'1'!$BP:$BP=$A47,'1'!$A:$A=$B47),1),""""))"),1.0) -> 1 | N47: =F47 -> 2 | O47: =IFERROR(__xludf.DUMMYFUNCTION("IF($B47="""","""",IFERROR(INDEX(FILTER('1'!$BX:$BX,'1'!$BP:$BP=$A47,'1'!$A:$A=$B47),1),""""))"),3.0) -> 3 | P47: =IFERROR(__xludf.DUMMYFUNCTION("IF($B47="""","""",IFERROR(INDEX(FILTER('1'!$BY:$BY,'1'!$BP:$BP=$A47,'1'!$A:$A=$B47),1),""""))"),5.0) -> 5 | Q47: =IFERROR(__xludf.DUMMYFUNCTION("IF($B47="""","""",IFERROR(INDEX(FILTER('1'!$CA:$CA,'1'!$BP:$BP=$A47,'1'!$A:$A=$B47),1),""""))"),5.0) -> 5
A48: 5 | B48: 46168 | C48: =IF(B48="","",TEXT(B48,"ddd")) -> 火 | D48: =IFERROR(__xludf.DUMMYFUNCTION("IF($B48="""","""",IFERROR(INDEX(FILTER('1'!$BQ:$BQ,'1'!$BP:$BP=$A48,'1'!$A:$A=$B48),1),""""))"),1168.0) -> 1168 | E48: =IFERROR(__xludf.DUMMYFUNCTION("IF($B48="""","""",IFERROR(INDEX(FILTER('1'!$BS:$BS,'1'!$BP:$BP=$A48,'1'!$A:$A=$B48),1),""""))"),2.0) -> 2 | F48: =IFERROR(__xludf.DUMMYFUNCTION("IF($B48="""","""",IFERROR(INDEX(FILTER('1'!$BT:$BT,'1'!$BP:$BP=$A48,'1'!$A:$A=$B48),1),""""))"),1.0) -> 1 | H48: =IFERROR(__xludf.DUMMYFUNCTION("IF($B48="""","""",IFERROR(INDEX(FILTER('1'!$BU:$BU,'1'!$BP:$BP=$A48,'1'!$A:$A=$B48),1),""""))"),3486.0) -> 3486 | I48: =IFERROR(__xludf.DUMMYFUNCTION("IF($B48="""","""",IFERROR(INDEX(FILTER('1'!$BV:$BV,'1'!$BP:$BP=$A48,'1'!$A:$A=$B48),1),""""))"),1029.0) -> 1029 | J48: =IFERROR(__xludf.DUMMYFUNCTION("IF($B48="""","""",IFERROR(INDEX(FILTER('1'!$BW:$BW,'1'!$BP:$BP=$A48,'1'!$A:$A=$B48),1),""""))"),-1200.0) -> -1200 | M48: =IFERROR(__xludf.DUMMYFUNCTION("IF($B48="""","""",IFERROR(INDEX(FILTER('1'!$BS:$BS,'1'!$BP:$BP=$A48,'1'!$A:$A=$B48),1),""""))"),2.0) -> 2 | N48: =F48 -> 1 | O48: =IFERROR(__xludf.DUMMYFUNCTION("IF($B48="""","""",IFERROR(INDEX(FILTER('1'!$BX:$BX,'1'!$BP:$BP=$A48,'1'!$A:$A=$B48),1),""""))"),3.0) -> 3 | P48: =IFERROR(__xludf.DUMMYFUNCTION("IF($B48="""","""",IFERROR(INDEX(FILTER('1'!$BY:$BY,'1'!$BP:$BP=$A48,'1'!$A:$A=$B48),1),""""))"),9.0) -> 9 | Q48: =IFERROR(__xludf.DUMMYFUNCTION("IF($B48="""","""",IFERROR(INDEX(FILTER('1'!$CA:$CA,'1'!$BP:$BP=$A48,'1'!$A:$A=$B48),1),""""))"),3.0) -> 3
A49: 5 | B49: 46169 | C49: =IF(B49="","",TEXT(B49,"ddd")) -> 水 | D49: =IFERROR(__xludf.DUMMYFUNCTION("IF($B49="""","""",IFERROR(INDEX(FILTER('1'!$BQ:$BQ,'1'!$BP:$BP=$A49,'1'!$A:$A=$B49),1),""""))"),1168.0) -> 1168 | E49: =IFERROR(__xludf.DUMMYFUNCTION("IF($B49="""","""",IFERROR(INDEX(FILTER('1'!$BS:$BS,'1'!$BP:$BP=$A49,'1'!$A:$A=$B49),1),""""))"),3.0) -> 3 | F49: =IFERROR(__xludf.DUMMYFUNCTION("IF($B49="""","""",IFERROR(INDEX(FILTER('1'!$BT:$BT,'1'!$BP:$BP=$A49,'1'!$A:$A=$B49),1),""""))"),1.0) -> 1 | G49: =IF(COUNT(F43:F49)=0,"",SUM(F43:F49)/7) -> 1.8571429 | H49: =IFERROR(__xludf.DUMMYFUNCTION("IF($B49="""","""",IFERROR(INDEX(FILTER('1'!$BU:$BU,'1'!$BP:$BP=$A49,'1'!$A:$A=$B49),1),""""))"),5140.0) -> 5140 | I49: =IFERROR(__xludf.DUMMYFUNCTION("IF($B49="""","""",IFERROR(INDEX(FILTER('1'!$BV:$BV,'1'!$BP:$BP=$A49,'1'!$A:$A=$B49),1),""""))"),2055.0) -> 2055 | J49: =IFERROR(__xludf.DUMMYFUNCTION("IF($B49="""","""",IFERROR(INDEX(FILTER('1'!$BW:$BW,'1'!$BP:$BP=$A49,'1'!$A:$A=$B49),1),""""))"),-2000.0) -> -2000 | K49: {=SUM(IFERROR(VALUE(J43:J49),0))} -> 1300 | M49: =IFERROR(__xludf.DUMMYFUNCTION("IF($B49="""","""",IFERROR(INDEX(FILTER('1'!$BS:$BS,'1'!$BP:$BP=$A49,'1'!$A:$A=$B49),1),""""))"),3.0) -> 3 | N49: =F49 -> 1 | O49: =IFERROR(__xludf.DUMMYFUNCTION("IF($B49="""","""",IFERROR(INDEX(FILTER('1'!$BX:$BX,'1'!$BP:$BP=$A49,'1'!$A:$A=$B49),1),""""))"),4.0) -> 4 | P49: =IFERROR(__xludf.DUMMYFUNCTION("IF($B49="""","""",IFERROR(INDEX(FILTER('1'!$BY:$BY,'1'!$BP:$BP=$A49,'1'!$A:$A=$B49),1),""""))"),10.0) -> 10 | Q49: =IFERROR(__xludf.DUMMYFUNCTION("IF($B49="""","""",IFERROR(INDEX(FILTER('1'!$CA:$CA,'1'!$BP:$BP=$A49,'1'!$A:$A=$B49),1),""""))"),3.0) -> 3
A50: 5 | B50: 46170 | C50: =IF(B50="","",TEXT(B50,"ddd")) -> 木 | D50: =IFERROR(__xludf.DUMMYFUNCTION("IF($B50="""","""",IFERROR(INDEX(FILTER('1'!$BQ:$BQ,'1'!$BP:$BP=$A50,'1'!$A:$A=$B50),1),""""))"),1168.0) -> 1168 | E50: =IFERROR(__xludf.DUMMYFUNCTION("IF($B50="""","""",IFERROR(INDEX(FILTER('1'!$BS:$BS,'1'!$BP:$BP=$A50,'1'!$A:$A=$B50),1),""""))"),4.0) -> 4 | H50: =IFERROR(__xludf.DUMMYFUNCTION("IF($B50="""","""",IFERROR(INDEX(FILTER('2'!$BP:$BP,'2'!$BM:$BM=$A50,'2'!$A:$A=$B50),1),""""))"),"") | I50: =IFERROR(__xludf.DUMMYFUNCTION("IF($B50="""","""",IFERROR(INDEX(FILTER('2'!$BQ:$BQ,'2'!$BM:$BM=$A50,'2'!$A:$A=$B50),1),""""))"),"") | J50: =IFERROR(__xludf.DUMMYFUNCTION("IF($B50="""","""",IFERROR(INDEX(FILTER('2'!$BR:$BR,'2'!$BM:$BM=$A50,'2'!$A:$A=$B50),1),""""))"),"") | M50: =IFERROR(__xludf.DUMMYFUNCTION("IF($B50="""","""",IFERROR(INDEX(FILTER('1'!$BS:$BS,'1'!$BP:$BP=$A50,'1'!$A:$A=$B50),1),""""))"),4.0) -> 4 | N50: =F50 | O50: =IFERROR(__xludf.DUMMYFUNCTION("IF($B50="""","""",IFERROR(INDEX(FILTER('1'!$BX:$BX,'1'!$BP:$BP=$A50,'1'!$A:$A=$B50),1),""""))"),"") | P50: =IFERROR(__xludf.DUMMYFUNCTION("IF($B50="""","""",IFERROR(INDEX(FILTER('1'!$BY:$BY,'1'!$BP:$BP=$A50,'1'!$A:$A=$B50),1),""""))"),"") | Q50: =IFERROR(__xludf.DUMMYFUNCTION("IF($B50="""","""",IFERROR(INDEX(FILTER('1'!$CA:$CA,'1'!$BP:$BP=$A50,'1'!$A:$A=$B50),1),""""))"),0.0) -> 0 | R50: =D50 -> 1168
A51: 5 | N51: =F51
A52: 5 | C52: =IF(B52="","",TEXT(B52,"ddd")) | N52: =F52
A53: 6 | B53: 46163 | C53: =IF(B53="","",TEXT(B53,"ddd")) -> 木 | D53: =IFERROR(__xludf.DUMMYFUNCTION("IF($B53="""","""",IFERROR(INDEX(FILTER('1'!$CG:$CG,'1'!$CF:$CF=$A53,'1'!$A:$A=$B53),1),""""))"),1169.0) -> 1169 | E53: =IFERROR(__xludf.DUMMYFUNCTION("IF($B53="""","""",IFERROR(INDEX(FILTER('1'!$CI:$CI,'1'!$CF:$CF=$A53,'1'!$A:$A=$B53),1),""""))"),2.0) -> 2 | F53: =IFERROR(__xludf.DUMMYFUNCTION("IF($B53="""","""",IFERROR(INDEX(FILTER('1'!$CJ:$CJ,'1'!$CF:$CF=$A53,'1'!$A:$A=$B53),1),""""))"),1.0) -> 1 | H53: =IFERROR(__xludf.DUMMYFUNCTION("IF($B53="""","""",IFERROR(INDEX(FILTER('1'!$CK:$CK,'1'!$CF:$CF=$A53,'1'!$A:$A=$B53),1),""""))"),2302.0) -> 2302 | I53: =IFERROR(__xludf.DUMMYFUNCTION("IF($B53="""","""",IFERROR(INDEX(FILTER('1'!$CL:$CL,'1'!$CF:$CF=$A53,'1'!$A:$A=$B53),1),""""))"),1439.0) -> 1439 | J53: =IFERROR(__xludf.DUMMYFUNCTION("IF($B53="""","""",IFERROR(INDEX(FILTER('1'!$CM:$CM,'1'!$CF:$CF=$A53,'1'!$A:$A=$B53),1),""""))"),-1100.0) -> -1100 | M53: =IFERROR(__xludf.DUMMYFUNCTION("IF($B53="""","""",IFERROR(INDEX(FILTER('1'!$CI:$CI,'1'!$CF:$CF=$A53,'1'!$A:$A=$B53),1),""""))"),2.0) -> 2 | N53: =F53 -> 1 | O53: =IFERROR(__xludf.DUMMYFUNCTION("IF($B53="""","""",IFERROR(INDEX(FILTER('1'!$CN:$CN,'1'!$CF:$CF=$A53,'1'!$A:$A=$B53),1),""""))"),3.5) -> 3.5 | P53: =IFERROR(__xludf.DUMMYFUNCTION("IF($B53="""","""",IFERROR(INDEX(FILTER('1'!$CO:$CO,'1'!$CF:$CF=$A53,'1'!$A:$A=$B53),1),""""))"),1.0) -> 1 | Q53: =IFERROR(__xludf.DUMMYFUNCTION("IF($B53="""","""",IFERROR(INDEX(FILTER('1'!$CQ:$CQ,'1'!$CF:$CF=$A53,'1'!$A:$A=$B53),1),""""))"),6.5) -> 6.5
A54: 6 | B54: 46164 | C54: =IF(B54="","",TEXT(B54,"ddd")) -> 金 | D54: =IFERROR(__xludf.DUMMYFUNCTION("IF($B54="""","""",IFERROR(INDEX(FILTER('1'!$CG:$CG,'1'!$CF:$CF=$A54,'1'!$A:$A=$B54),1),""""))"),1169.0) -> 1169 | E54: =IFERROR(__xludf.DUMMYFUNCTION("IF($B54="""","""",IFERROR(INDEX(FILTER('1'!$CI:$CI,'1'!$CF:$CF=$A54,'1'!$A:$A=$B54),1),""""))"),3.0) -> 3 | F54: =IFERROR(__xludf.DUMMYFUNCTION("IF($B54="""","""",IFERROR(INDEX(FILTER('1'!$CJ:$CJ,'1'!$CF:$CF=$A54,'1'!$A:$A=$B54),1),""""))"),-3.0) -> -3 | H54: =IFERROR(__xludf.DUMMYFUNCTION("IF($B54="""","""",IFERROR(INDEX(FILTER('1'!$CK:$CK,'1'!$CF:$CF=$A54,'1'!$A:$A=$B54),1),""""))"),6761.0) -> 6761 | I54: =IFERROR(__xludf.DUMMYFUNCTION("IF($B54="""","""",IFERROR(INDEX(FILTER('1'!$CL:$CL,'1'!$CF:$CF=$A54,'1'!$A:$A=$B54),1),""""))"),944.0) -> 944 | J54: =IFERROR(__xludf.DUMMYFUNCTION("IF($B54="""","""",IFERROR(INDEX(FILTER('1'!$CM:$CM,'1'!$CF:$CF=$A54,'1'!$A:$A=$B54),1),""""))"),-5000.0) -> -5000 | M54: =IFERROR(__xludf.DUMMYFUNCTION("IF($B54="""","""",IFERROR(INDEX(FILTER('1'!$CI:$CI,'1'!$CF:$CF=$A54,'1'!$A:$A=$B54),1),""""))"),3.0) -> 3 | N54: =F54 -> -3 | O54: =IFERROR(__xludf.DUMMYFUNCTION("IF($B54="""","""",IFERROR(INDEX(FILTER('1'!$CN:$CN,'1'!$CF:$CF=$A54,'1'!$A:$A=$B54),1),""""))"),1.5) -> 1.5 | P54: =IFERROR(__xludf.DUMMYFUNCTION("IF($B54="""","""",IFERROR(INDEX(FILTER('1'!$CO:$CO,'1'!$CF:$CF=$A54,'1'!$A:$A=$B54),1),""""))"),5.0) -> 5 | Q54: =IFERROR(__xludf.DUMMYFUNCTION("IF($B54="""","""",IFERROR(INDEX(FILTER('1'!$CQ:$CQ,'1'!$CF:$CF=$A54,'1'!$A:$A=$B54),1),""""))"),3.5) -> 3.5
A55: 6 | B55: 46165 | C55: =IF(B55="","",TEXT(B55,"ddd")) -> 土 | D55: =IFERROR(__xludf.DUMMYFUNCTION("IF($B55="""","""",IFERROR(INDEX(FILTER('1'!$CG:$CG,'1'!$CF:$CF=$A55,'1'!$A:$A=$B55),1),""""))"),1169.0) -> 1169 | E55: =IFERROR(__xludf.DUMMYFUNCTION("IF($B55="""","""",IFERROR(INDEX(FILTER('1'!$CI:$CI,'1'!$CF:$CF=$A55,'1'!$A:$A=$B55),1),""""))"),4.0) -> 4 | F55: =IFERROR(__xludf.DUMMYFUNCTION("IF($B55="""","""",IFERROR(INDEX(FILTER('1'!$CJ:$CJ,'1'!$CF:$CF=$A55,'1'!$A:$A=$B55),1),""""))"),2.0) -> 2 | H55: =IFERROR(__xludf.DUMMYFUNCTION("IF($B55="""","""",IFERROR(INDEX(FILTER('1'!$CK:$CK,'1'!$CF:$CF=$A55,'1'!$A:$A=$B55),1),""""))"),7298.0) -> 7298 | I55: =IFERROR(__xludf.DUMMYFUNCTION("IF($B55="""","""",IFERROR(INDEX(FILTER('1'!$CL:$CL,'1'!$CF:$CF=$A55,'1'!$A:$A=$B55),1),""""))"),2307.0) -> 2307 | J55: =IFERROR(__xludf.DUMMYFUNCTION("IF($B55="""","""",IFERROR(INDEX(FILTER('1'!$CM:$CM,'1'!$CF:$CF=$A55,'1'!$A:$A=$B55),1),""""))"),-1000.0) -> -1000 | M55: =IFERROR(__xludf.DUMMYFUNCTION("IF($B55="""","""",IFERROR(INDEX(FILTER('1'!$CI:$CI,'1'!$CF:$CF=$A55,'1'!$A:$A=$B55),1),""""))"),4.0) -> 4 | N55: =F55 -> 2 | O55: =IFERROR(__xludf.DUMMYFUNCTION("IF($B55="""","""",IFERROR(INDEX(FILTER('1'!$CN:$CN,'1'!$CF:$CF=$A55,'1'!$A:$A=$B55),1),""""))"),-1.0) -> -1 | P55: =IFERROR(__xludf.DUMMYFUNCTION("IF($B55="""","""",IFERROR(INDEX(FILTER('1'!$CO:$CO,'1'!$CF:$CF=$A55,'1'!$A:$A=$B55),1),""""))"),2.0) -> 2 | Q55: =IFERROR(__xludf.DUMMYFUNCTION("IF($B55="""","""",IFERROR(INDEX(FILTER('1'!$CQ:$CQ,'1'!$CF:$CF=$A55,'1'!$A:$A=$B55),1),""""))"),2.0) -> 2
A56: 6 | B56: 46166 | C56: =IF(B56="","",TEXT(B56,"ddd")) -> 日 | D56: =IFERROR(__xludf.DUMMYFUNCTION("IF($B56="""","""",IFERROR(INDEX(FILTER('1'!$CG:$CG,'1'!$CF:$CF=$A56,'1'!$A:$A=$B56),1),""""))"),1169.0) -> 1169 | E56: =IFERROR(__xludf.DUMMYFUNCTION("IF($B56="""","""",IFERROR(INDEX(FILTER('1'!$CI:$CI,'1'!$CF:$CF=$A56,'1'!$A:$A=$B56),1),""""))"),5.0) -> 5 | F56: =IFERROR(__xludf.DUMMYFUNCTION("IF($B56="""","""",IFERROR(INDEX(FILTER('1'!$CJ:$CJ,'1'!$CF:$CF=$A56,'1'!$A:$A=$B56),1),""""))"),-2.0) -> -2 | H56: =IFERROR(__xludf.DUMMYFUNCTION("IF($B56="""","""",IFERROR(INDEX(FILTER('1'!$CK:$CK,'1'!$CF:$CF=$A56,'1'!$A:$A=$B56),1),""""))"),8452.0) -> 8452 | I56: =IFERROR(__xludf.DUMMYFUNCTION("IF($B56="""","""",IFERROR(INDEX(FILTER('1'!$CL:$CL,'1'!$CF:$CF=$A56,'1'!$A:$A=$B56),1),""""))"),1285.0) -> 1285 | J56: =IFERROR(__xludf.DUMMYFUNCTION("IF($B56="""","""",IFERROR(INDEX(FILTER('1'!$CM:$CM,'1'!$CF:$CF=$A56,'1'!$A:$A=$B56),1),""""))"),-5000.0) -> -5000 | M56: =IFERROR(__xludf.DUMMYFUNCTION("IF($B56="""","""",IFERROR(INDEX(FILTER('1'!$CI:$CI,'1'!$CF:$CF=$A56,'1'!$A:$A=$B56),1),""""))"),5.0) -> 5 | N56: =F56 -> -2 | O56: =IFERROR(__xludf.DUMMYFUNCTION("IF($B56="""","""",IFERROR(INDEX(FILTER('1'!$CN:$CN,'1'!$CF:$CF=$A56,'1'!$A:$A=$B56),1),""""))"),2.0) -> 2 | P56: =IFERROR(__xludf.DUMMYFUNCTION("IF($B56="""","""",IFERROR(INDEX(FILTER('1'!$CO:$CO,'1'!$CF:$CF=$A56,'1'!$A:$A=$B56),1),""""))"),3.0) -> 3 | Q56: =IFERROR(__xludf.DUMMYFUNCTION("IF($B56="""","""",IFERROR(INDEX(FILTER('1'!$CQ:$CQ,'1'!$CF:$CF=$A56,'1'!$A:$A=$B56),1),""""))"),4.5) -> 4.5
A57: 6 | B57: 46167 | C57: =IF(B57="","",TEXT(B57,"ddd")) -> 月 | D57: =IFERROR(__xludf.DUMMYFUNCTION("IF($B57="""","""",IFERROR(INDEX(FILTER('1'!$CG:$CG,'1'!$CF:$CF=$A57,'1'!$A:$A=$B57),1),""""))"),1169.0) -> 1169 | E57: =IFERROR(__xludf.DUMMYFUNCTION("IF($B57="""","""",IFERROR(INDEX(FILTER('1'!$CI:$CI,'1'!$CF:$CF=$A57,'1'!$A:$A=$B57),1),""""))"),6.0) -> 6 | F57: =IFERROR(__xludf.DUMMYFUNCTION("IF($B57="""","""",IFERROR(INDEX(FILTER('1'!$CJ:$CJ,'1'!$CF:$CF=$A57,'1'!$A:$A=$B57),1),""""))"),1.0) -> 1 | H57: =IFERROR(__xludf.DUMMYFUNCTION("IF($B57="""","""",IFERROR(INDEX(FILTER('1'!$CK:$CK,'1'!$CF:$CF=$A57,'1'!$A:$A=$B57),1),""""))"),3927.0) -> 3927 | I57: =IFERROR(__xludf.DUMMYFUNCTION("IF($B57="""","""",IFERROR(INDEX(FILTER('1'!$CL:$CL,'1'!$CF:$CF=$A57,'1'!$A:$A=$B57),1),""""))"),1381.0) -> 1381 | J57: =IFERROR(__xludf.DUMMYFUNCTION("IF($B57="""","""",IFERROR(INDEX(FILTER('1'!$CM:$CM,'1'!$CF:$CF=$A57,'1'!$A:$A=$B57),1),""""))"),-1900.0) -> -1900 | M57: =IFERROR(__xludf.DUMMYFUNCTION("IF($B57="""","""",IFERROR(INDEX(FILTER('1'!$CI:$CI,'1'!$CF:$CF=$A57,'1'!$A:$A=$B57),1),""""))"),6.0) -> 6 | N57: =F57 -> 1 | O57: =IFERROR(__xludf.DUMMYFUNCTION("IF($B57="""","""",IFERROR(INDEX(FILTER('1'!$CN:$CN,'1'!$CF:$CF=$A57,'1'!$A:$A=$B57),1),""""))"),-1.0) -> -1 | P57: =IFERROR(__xludf.DUMMYFUNCTION("IF($B57="""","""",IFERROR(INDEX(FILTER('1'!$CO:$CO,'1'!$CF:$CF=$A57,'1'!$A:$A=$B57),1),""""))"),8.0) -> 8 | Q57: =IFERROR(__xludf.DUMMYFUNCTION("IF($B57="""","""",IFERROR(INDEX(FILTER('1'!$CQ:$CQ,'1'!$CF:$CF=$A57,'1'!$A:$A=$B57),1),""""))"),-1.0) -> -1
A58: 6 | B58: 46168 | C58: =IF(B58="","",TEXT(B58,"ddd")) -> 火 | D58: =IFERROR(__xludf.DUMMYFUNCTION("IF($B58="""","""",IFERROR(INDEX(FILTER('1'!$CG:$CG,'1'!$CF:$CF=$A58,'1'!$A:$A=$B58),1),""""))"),1169.0) -> 1169 | E58: =IFERROR(__xludf.DUMMYFUNCTION("IF($B58="""","""",IFERROR(INDEX(FILTER('1'!$CI:$CI,'1'!$CF:$CF=$A58,'1'!$A:$A=$B58),1),""""))"),7.0) -> 7 | F58: =IFERROR(__xludf.DUMMYFUNCTION("IF($B58="""","""",IFERROR(INDEX(FILTER('1'!$CJ:$CJ,'1'!$CF:$CF=$A58,'1'!$A:$A=$B58),1),""""))"),6.0) -> 6 | H58: =IFERROR(__xludf.DUMMYFUNCTION("IF($B58="""","""",IFERROR(INDEX(FILTER('1'!$CK:$CK,'1'!$CF:$CF=$A58,'1'!$A:$A=$B58),1),""""))"),6241.0) -> 6241 | I58: =IFERROR(__xludf.DUMMYFUNCTION("IF($B58="""","""",IFERROR(INDEX(FILTER('1'!$CL:$CL,'1'!$CF:$CF=$A58,'1'!$A:$A=$B58),1),""""))"),11775.0) -> 11775 | J58: =IFERROR(__xludf.DUMMYFUNCTION("IF($B58="""","""",IFERROR(INDEX(FILTER('1'!$CM:$CM,'1'!$CF:$CF=$A58,'1'!$A:$A=$B58),1),""""))"),9200.0) -> 9200 | M58: =IFERROR(__xludf.DUMMYFUNCTION("IF($B58="""","""",IFERROR(INDEX(FILTER('1'!$CI:$CI,'1'!$CF:$CF=$A58,'1'!$A:$A=$B58),1),""""))"),7.0) -> 7 | N58: =F58 -> 6 | O58: =IFERROR(__xludf.DUMMYFUNCTION("IF($B58="""","""",IFERROR(INDEX(FILTER('1'!$CN:$CN,'1'!$CF:$CF=$A58,'1'!$A:$A=$B58),1),""""))"),0.0) -> 0 | P58: =IFERROR(__xludf.DUMMYFUNCTION("IF($B58="""","""",IFERROR(INDEX(FILTER('1'!$CO:$CO,'1'!$CF:$CF=$A58,'1'!$A:$A=$B58),1),""""))"),5.0) -> 5 | Q58: =IFERROR(__xludf.DUMMYFUNCTION("IF($B58="""","""",IFERROR(INDEX(FILTER('1'!$CQ:$CQ,'1'!$CF:$CF=$A58,'1'!$A:$A=$B58),1),""""))"),2.0) -> 2
A59: 6 | B59: 46169 | C59: =IF(B59="","",TEXT(B59,"ddd")) -> 水 | D59: =IFERROR(__xludf.DUMMYFUNCTION("IF($B59="""","""",IFERROR(INDEX(FILTER('1'!$CG:$CG,'1'!$CF:$CF=$A59,'1'!$A:$A=$B59),1),""""))"),1169.0) -> 1169 | E59: =IFERROR(__xludf.DUMMYFUNCTION("IF($B59="""","""",IFERROR(INDEX(FILTER('1'!$CI:$CI,'1'!$CF:$CF=$A59,'1'!$A:$A=$B59),1),""""))"),1.0) -> 1 | F59: =IFERROR(__xludf.DUMMYFUNCTION("IF($B59="""","""",IFERROR(INDEX(FILTER('1'!$CJ:$CJ,'1'!$CF:$CF=$A59,'1'!$A:$A=$B59),1),""""))"),1.0) -> 1 | G59: =IF(COUNT(F53:F59)=0,"",SUM(F53:F59)/7) -> 0.85714286 | H59: =IFERROR(__xludf.DUMMYFUNCTION("IF($B59="""","""",IFERROR(INDEX(FILTER('1'!$CK:$CK,'1'!$CF:$CF=$A59,'1'!$A:$A=$B59),1),""""))"),1377.0) -> 1377 | I59: =IFERROR(__xludf.DUMMYFUNCTION("IF($B59="""","""",IFERROR(INDEX(FILTER('1'!$CL:$CL,'1'!$CF:$CF=$A59,'1'!$A:$A=$B59),1),""""))"),764.0) -> 764 | J59: =IFERROR(__xludf.DUMMYFUNCTION("IF($B59="""","""",IFERROR(INDEX(FILTER('1'!$CM:$CM,'1'!$CF:$CF=$A59,'1'!$A:$A=$B59),1),""""))"),-1000.0) -> -1000 | K59: {=SUM(IFERROR(VALUE(J53:J59),0))} -> -5800 | M59: =IFERROR(__xludf.DUMMYFUNCTION("IF($B59="""","""",IFERROR(INDEX(FILTER('1'!$CI:$CI,'1'!$CF:$CF=$A59,'1'!$A:$A=$B59),1),""""))"),1.0) -> 1 | N59: =F59 -> 1 | O59: =IFERROR(__xludf.DUMMYFUNCTION("IF($B59="""","""",IFERROR(INDEX(FILTER('1'!$CN:$CN,'1'!$CF:$CF=$A59,'1'!$A:$A=$B59),1),""""))"),2.5) -> 2.5 | P59: =IFERROR(__xludf.DUMMYFUNCTION("IF($B59="""","""",IFERROR(INDEX(FILTER('1'!$CO:$CO,'1'!$CF:$CF=$A59,'1'!$A:$A=$B59),1),""""))"),2.0) -> 2 | Q59: =IFERROR(__xludf.DUMMYFUNCTION("IF($B59="""","""",IFERROR(INDEX(FILTER('1'!$CQ:$CQ,'1'!$CF:$CF=$A59,'1'!$A:$A=$B59),1),""""))"),5.5) -> 5.5
A60: 6 | B60: 46170 | C60: =IF(B60="","",TEXT(B60,"ddd")) -> 木 | D60: =IFERROR(__xludf.DUMMYFUNCTION("IF($B60="""","""",IFERROR(INDEX(FILTER('1'!$CG:$CG,'1'!$CF:$CF=$A60,'1'!$A:$A=$B60),1),""""))"),1169.0) -> 1169 | E60: =IFERROR(__xludf.DUMMYFUNCTION("IF($B60="""","""",IFERROR(INDEX(FILTER('1'!$CI:$CI,'1'!$CF:$CF=$A60,'1'!$A:$A=$B60),1),""""))"),2.0) -> 2 | H60: =IFERROR(__xludf.DUMMYFUNCTION("IF($B60="""","""",IFERROR(INDEX(FILTER('2'!$CE:$CE,'2'!$CB:$CB=$A60,'2'!$A:$A=$B60),1),""""))"),"") | I60: =IFERROR(__xludf.DUMMYFUNCTION("IF($B60="""","""",IFERROR(INDEX(FILTER('2'!$CF:$CF,'2'!$CB:$CB=$A60,'2'!$A:$A=$B60),1),""""))"),"") | J60: =IFERROR(__xludf.DUMMYFUNCTION("IF($B60="""","""",IFERROR(INDEX(FILTER('2'!$CG:$CG,'2'!$CB:$CB=$A60,'2'!$A:$A=$B60),1),""""))"),"") | M60: =IFERROR(__xludf.DUMMYFUNCTION("IF($B60="""","""",IFERROR(INDEX(FILTER('1'!$CI:$CI,'1'!$CF:$CF=$A60,'1'!$A:$A=$B60),1),""""))"),2.0) -> 2 | N60: =F60 | O60: =IFERROR(__xludf.DUMMYFUNCTION("IF($B60="""","""",IFERROR(INDEX(FILTER('1'!$CN:$CN,'1'!$CF:$CF=$A60,'1'!$A:$A=$B60),1),""""))"),"") | P60: =IFERROR(__xludf.DUMMYFUNCTION("IF($B60="""","""",IFERROR(INDEX(FILTER('1'!$CO:$CO,'1'!$CF:$CF=$A60,'1'!$A:$A=$B60),1),""""))"),"") | Q60: =IFERROR(__xludf.DUMMYFUNCTION("IF($B60="""","""",IFERROR(INDEX(FILTER('1'!$CQ:$CQ,'1'!$CF:$CF=$A60,'1'!$A:$A=$B60),1),""""))"),0.0) -> 0 | R60: =D60 -> 1169
A61: 6 | N61: =F61
A62: 6 | C62: =IF(B62="","",TEXT(B62,"ddd")) | N62: =F62
